date,event_id,event_name,entity_name,entity_type,mention_count,mention_strength
2023-01-01,ai-revolution,Artificial Intelligence Revolution,OpenAI,Organization,54,85.64
2023-01-01,ai-revolution,Artificial Intelligence Revolution,GPT Models,Product,46,74.4
2023-01-01,ai-revolution,Artificial Intelligence Revolution,Microsoft,Organization,43,55.77
2023-01-01,ai-revolution,Artificial Intelligence Revolution,AI Agents,Topic,29,72.85
2023-01-01,ai-revolution,Artificial Intelligence Revolution,Developers,Group,24,48.76
2023-01-01,ai-revolution,Artificial Intelligence Revolution,Regulators,Group,17,44.24
2023-02-01,ai-revolution,Artificial Intelligence Revolution,OpenAI,Organization,68,80.2
2023-02-01,ai-revolution,Artificial Intelligence Revolution,GPT Models,Product,71,78.88
2023-02-01,ai-revolution,Artificial Intelligence Revolution,Microsoft,Organization,55,67.0
2023-02-01,ai-revolution,Artificial Intelligence Revolution,AI Agents,Topic,82,66.43
2023-02-01,ai-revolution,Artificial Intelligence Revolution,Developers,Group,45,41.37
2023-02-01,ai-revolution,Artificial Intelligence Revolution,Regulators,Group,28,44.13
2023-03-01,ai-revolution,Artificial Intelligence Revolution,OpenAI,Organization,127,80.23
2023-03-01,ai-revolution,Artificial Intelligence Revolution,GPT Models,Product,129,74.14
2023-03-01,ai-revolution,Artificial Intelligence Revolution,Microsoft,Organization,71,60.86
2023-03-01,ai-revolution,Artificial Intelligence Revolution,AI Agents,Topic,110,69.09
2023-03-01,ai-revolution,Artificial Intelligence Revolution,Developers,Group,51,52.38
2023-03-01,ai-revolution,Artificial Intelligence Revolution,Regulators,Group,46,51.09
2023-04-01,ai-revolution,Artificial Intelligence Revolution,OpenAI,Organization,132,92.19
2023-04-01,ai-revolution,Artificial Intelligence Revolution,GPT Models,Product,147,71.22
2023-04-01,ai-revolution,Artificial Intelligence Revolution,Microsoft,Organization,73,65.82
2023-04-01,ai-revolution,Artificial Intelligence Revolution,AI Agents,Topic,85,64.21
2023-04-01,ai-revolution,Artificial Intelligence Revolution,Developers,Group,67,44.3
2023-04-01,ai-revolution,Artificial Intelligence Revolution,Regulators,Group,78,47.97
2023-05-01,ai-revolution,Artificial Intelligence Revolution,OpenAI,Organization,219,82.7
2023-05-01,ai-revolution,Artificial Intelligence Revolution,GPT Models,Product,170,85.28
2023-05-01,ai-revolution,Artificial Intelligence Revolution,Microsoft,Organization,115,61.12
2023-05-01,ai-revolution,Artificial Intelligence Revolution,AI Agents,Topic,135,72.3
2023-05-01,ai-revolution,Artificial Intelligence Revolution,Developers,Group,74,51.33
2023-05-01,ai-revolution,Artificial Intelligence Revolution,Regulators,Group,55,47.24
2023-06-01,ai-revolution,Artificial Intelligence Revolution,OpenAI,Organization,149,82.82
2023-06-01,ai-revolution,Artificial Intelligence Revolution,GPT Models,Product,130,68.59
2023-06-01,ai-revolution,Artificial Intelligence Revolution,Microsoft,Organization,142,64.3
2023-06-01,ai-revolution,Artificial Intelligence Revolution,AI Agents,Topic,138,68.65
2023-06-01,ai-revolution,Artificial Intelligence Revolution,Developers,Group,102,47.31
2023-06-01,ai-revolution,Artificial Intelligence Revolution,Regulators,Group,82,44.09
2023-07-01,ai-revolution,Artificial Intelligence Revolution,OpenAI,Organization,224,90.59
2023-07-01,ai-revolution,Artificial Intelligence Revolution,GPT Models,Product,218,69.91
2023-07-01,ai-revolution,Artificial Intelligence Revolution,Microsoft,Organization,159,60.45
2023-07-01,ai-revolution,Artificial Intelligence Revolution,AI Agents,Topic,207,67.29
2023-07-01,ai-revolution,Artificial Intelligence Revolution,Developers,Group,81,53.65
2023-07-01,ai-revolution,Artificial Intelligence Revolution,Regulators,Group,92,37.13
2023-08-01,ai-revolution,Artificial Intelligence Revolution,OpenAI,Organization,296,86.05
2023-08-01,ai-revolution,Artificial Intelligence Revolution,GPT Models,Product,152,84.53
2023-08-01,ai-revolution,Artificial Intelligence Revolution,Microsoft,Organization,133,55.55
2023-08-01,ai-revolution,Artificial Intelligence Revolution,AI Agents,Topic,178,75.59
2023-08-01,ai-revolution,Artificial Intelligence Revolution,Developers,Group,88,50.42
2023-08-01,ai-revolution,Artificial Intelligence Revolution,Regulators,Group,112,37.86
2023-09-01,ai-revolution,Artificial Intelligence Revolution,OpenAI,Organization,206,85.01
2023-09-01,ai-revolution,Artificial Intelligence Revolution,GPT Models,Product,254,79.66
2023-09-01,ai-revolution,Artificial Intelligence Revolution,Microsoft,Organization,131,65.6
2023-09-01,ai-revolution,Artificial Intelligence Revolution,AI Agents,Topic,191,74.36
2023-09-01,ai-revolution,Artificial Intelligence Revolution,Developers,Group,86,47.74
2023-09-01,ai-revolution,Artificial Intelligence Revolution,Regulators,Group,71,47.01
2023-10-01,ai-revolution,Artificial Intelligence Revolution,OpenAI,Organization,272,86.02
2023-10-01,ai-revolution,Artificial Intelligence Revolution,GPT Models,Product,200,70.74
2023-10-01,ai-revolution,Artificial Intelligence Revolution,Microsoft,Organization,176,66.96
2023-10-01,ai-revolution,Artificial Intelligence Revolution,AI Agents,Topic,184,62.89
2023-10-01,ai-revolution,Artificial Intelligence Revolution,Developers,Group,124,48.88
2023-10-01,ai-revolution,Artificial Intelligence Revolution,Regulators,Group,69,51.51
2023-11-01,ai-revolution,Artificial Intelligence Revolution,OpenAI,Organization,195,90.7
2023-11-01,ai-revolution,Artificial Intelligence Revolution,GPT Models,Product,173,70.52
2023-11-01,ai-revolution,Artificial Intelligence Revolution,Microsoft,Organization,158,64.07
2023-11-01,ai-revolution,Artificial Intelligence Revolution,AI Agents,Topic,119,74.32
2023-11-01,ai-revolution,Artificial Intelligence Revolution,Developers,Group,108,54.68
2023-11-01,ai-revolution,Artificial Intelligence Revolution,Regulators,Group,104,51.18
2023-12-01,ai-revolution,Artificial Intelligence Revolution,OpenAI,Organization,260,79.23
2023-12-01,ai-revolution,Artificial Intelligence Revolution,GPT Models,Product,237,74.99
2023-12-01,ai-revolution,Artificial Intelligence Revolution,Microsoft,Organization,160,67.69
2023-12-01,ai-revolution,Artificial Intelligence Revolution,AI Agents,Topic,142,74.5
2023-12-01,ai-revolution,Artificial Intelligence Revolution,Developers,Group,77,42.27
2023-12-01,ai-revolution,Artificial Intelligence Revolution,Regulators,Group,75,36.96
2024-01-01,ai-revolution,Artificial Intelligence Revolution,OpenAI,Organization,277,81.38
2024-01-01,ai-revolution,Artificial Intelligence Revolution,GPT Models,Product,204,70.9
2024-01-01,ai-revolution,Artificial Intelligence Revolution,Microsoft,Organization,185,62.86
2024-01-01,ai-revolution,Artificial Intelligence Revolution,AI Agents,Topic,116,69.0
2024-01-01,ai-revolution,Artificial Intelligence Revolution,Developers,Group,94,47.59
2024-01-01,ai-revolution,Artificial Intelligence Revolution,Regulators,Group,78,47.03
2024-02-01,ai-revolution,Artificial Intelligence Revolution,OpenAI,Organization,272,86.57
2024-02-01,ai-revolution,Artificial Intelligence Revolution,GPT Models,Product,194,81.2
2024-02-01,ai-revolution,Artificial Intelligence Revolution,Microsoft,Organization,186,62.59
2024-02-01,ai-revolution,Artificial Intelligence Revolution,AI Agents,Topic,200,70.41
2024-02-01,ai-revolution,Artificial Intelligence Revolution,Developers,Group,115,46.84
2024-02-01,ai-revolution,Artificial Intelligence Revolution,Regulators,Group,79,40.4
2024-03-01,ai-revolution,Artificial Intelligence Revolution,OpenAI,Organization,260,92.32
2024-03-01,ai-revolution,Artificial Intelligence Revolution,GPT Models,Product,143,71.6
2024-03-01,ai-revolution,Artificial Intelligence Revolution,Microsoft,Organization,155,71.65
2024-03-01,ai-revolution,Artificial Intelligence Revolution,AI Agents,Topic,214,59.82
2024-03-01,ai-revolution,Artificial Intelligence Revolution,Developers,Group,90,42.88
2024-03-01,ai-revolution,Artificial Intelligence Revolution,Regulators,Group,100,52.66
2024-04-01,ai-revolution,Artificial Intelligence Revolution,OpenAI,Organization,229,90.16
2024-04-01,ai-revolution,Artificial Intelligence Revolution,GPT Models,Product,218,84.5
2024-04-01,ai-revolution,Artificial Intelligence Revolution,Microsoft,Organization,221,58.6
2024-04-01,ai-revolution,Artificial Intelligence Revolution,AI Agents,Topic,138,64.98
2024-04-01,ai-revolution,Artificial Intelligence Revolution,Developers,Group,93,38.13
2024-04-01,ai-revolution,Artificial Intelligence Revolution,Regulators,Group,140,50.59
2024-05-01,ai-revolution,Artificial Intelligence Revolution,OpenAI,Organization,287,91.64
2024-05-01,ai-revolution,Artificial Intelligence Revolution,GPT Models,Product,179,67.76
2024-05-01,ai-revolution,Artificial Intelligence Revolution,Microsoft,Organization,196,69.52
2024-05-01,ai-revolution,Artificial Intelligence Revolution,AI Agents,Topic,201,67.25
2024-05-01,ai-revolution,Artificial Intelligence Revolution,Developers,Group,123,41.77
2024-05-01,ai-revolution,Artificial Intelligence Revolution,Regulators,Group,126,44.37
2024-06-01,ai-revolution,Artificial Intelligence Revolution,OpenAI,Organization,291,93.42
2024-06-01,ai-revolution,Artificial Intelligence Revolution,GPT Models,Product,302,76.08
2024-06-01,ai-revolution,Artificial Intelligence Revolution,Microsoft,Organization,147,70.98
2024-06-01,ai-revolution,Artificial Intelligence Revolution,AI Agents,Topic,163,59.78
2024-06-01,ai-revolution,Artificial Intelligence Revolution,Developers,Group,104,42.47
2024-06-01,ai-revolution,Artificial Intelligence Revolution,Regulators,Group,84,50.22
2024-07-01,ai-revolution,Artificial Intelligence Revolution,OpenAI,Organization,267,91.23
2024-07-01,ai-revolution,Artificial Intelligence Revolution,GPT Models,Product,244,82.23
2024-07-01,ai-revolution,Artificial Intelligence Revolution,Microsoft,Organization,179,70.7
2024-07-01,ai-revolution,Artificial Intelligence Revolution,AI Agents,Topic,243,71.79
2024-07-01,ai-revolution,Artificial Intelligence Revolution,Developers,Group,102,43.96
2024-07-01,ai-revolution,Artificial Intelligence Revolution,Regulators,Group,132,50.6
2024-08-01,ai-revolution,Artificial Intelligence Revolution,OpenAI,Organization,427,87.4
2024-08-01,ai-revolution,Artificial Intelligence Revolution,GPT Models,Product,376,69.57
2024-08-01,ai-revolution,Artificial Intelligence Revolution,Microsoft,Organization,230,66.03
2024-08-01,ai-revolution,Artificial Intelligence Revolution,AI Agents,Topic,266,65.6
2024-08-01,ai-revolution,Artificial Intelligence Revolution,Developers,Group,110,46.94
2024-08-01,ai-revolution,Artificial Intelligence Revolution,Regulators,Group,169,37.55
2024-09-01,ai-revolution,Artificial Intelligence Revolution,OpenAI,Organization,271,83.43
2024-09-01,ai-revolution,Artificial Intelligence Revolution,GPT Models,Product,354,75.12
2024-09-01,ai-revolution,Artificial Intelligence Revolution,Microsoft,Organization,218,61.48
2024-09-01,ai-revolution,Artificial Intelligence Revolution,AI Agents,Topic,218,69.32
2024-09-01,ai-revolution,Artificial Intelligence Revolution,Developers,Group,193,54.06
2024-09-01,ai-revolution,Artificial Intelligence Revolution,Regulators,Group,144,48.73
2024-10-01,ai-revolution,Artificial Intelligence Revolution,OpenAI,Organization,497,87.95
2024-10-01,ai-revolution,Artificial Intelligence Revolution,GPT Models,Product,289,84.89
2024-10-01,ai-revolution,Artificial Intelligence Revolution,Microsoft,Organization,296,54.58
2024-10-01,ai-revolution,Artificial Intelligence Revolution,AI Agents,Topic,360,69.3
2024-10-01,ai-revolution,Artificial Intelligence Revolution,Developers,Group,146,44.86
2024-10-01,ai-revolution,Artificial Intelligence Revolution,Regulators,Group,166,40.77
2024-11-01,ai-revolution,Artificial Intelligence Revolution,OpenAI,Organization,493,79.74
2024-11-01,ai-revolution,Artificial Intelligence Revolution,GPT Models,Product,469,80.47
2024-11-01,ai-revolution,Artificial Intelligence Revolution,Microsoft,Organization,378,63.06
2024-11-01,ai-revolution,Artificial Intelligence Revolution,AI Agents,Topic,272,59.55
2024-11-01,ai-revolution,Artificial Intelligence Revolution,Developers,Group,256,50.24
2024-11-01,ai-revolution,Artificial Intelligence Revolution,Regulators,Group,199,35.19
2024-12-01,ai-revolution,Artificial Intelligence Revolution,OpenAI,Organization,429,88.56
2024-12-01,ai-revolution,Artificial Intelligence Revolution,GPT Models,Product,347,67.85
2024-12-01,ai-revolution,Artificial Intelligence Revolution,Microsoft,Organization,390,62.83
2024-12-01,ai-revolution,Artificial Intelligence Revolution,AI Agents,Topic,309,66.39
2024-12-01,ai-revolution,Artificial Intelligence Revolution,Developers,Group,303,48.43
2024-12-01,ai-revolution,Artificial Intelligence Revolution,Regulators,Group,240,43.49
2025-01-01,ai-revolution,Artificial Intelligence Revolution,OpenAI,Organization,699,95.23
2025-01-01,ai-revolution,Artificial Intelligence Revolution,GPT Models,Product,534,83.55
2025-01-01,ai-revolution,Artificial Intelligence Revolution,Microsoft,Organization,412,67.92
2025-01-01,ai-revolution,Artificial Intelligence Revolution,AI Agents,Topic,519,66.69
2025-01-01,ai-revolution,Artificial Intelligence Revolution,Developers,Group,247,40.34
2025-01-01,ai-revolution,Artificial Intelligence Revolution,Regulators,Group,180,41.03
2025-02-01,ai-revolution,Artificial Intelligence Revolution,OpenAI,Organization,486,90.89
2025-02-01,ai-revolution,Artificial Intelligence Revolution,GPT Models,Product,376,67.75
2025-02-01,ai-revolution,Artificial Intelligence Revolution,Microsoft,Organization,384,62.59
2025-02-01,ai-revolution,Artificial Intelligence Revolution,AI Agents,Topic,512,67.63
2025-02-01,ai-revolution,Artificial Intelligence Revolution,Developers,Group,244,49.98
2025-02-01,ai-revolution,Artificial Intelligence Revolution,Regulators,Group,203,41.12
2025-03-01,ai-revolution,Artificial Intelligence Revolution,OpenAI,Organization,721,81.31
2025-03-01,ai-revolution,Artificial Intelligence Revolution,GPT Models,Product,409,68.69
2025-03-01,ai-revolution,Artificial Intelligence Revolution,Microsoft,Organization,402,57.34
2025-03-01,ai-revolution,Artificial Intelligence Revolution,AI Agents,Topic,459,69.76
2025-03-01,ai-revolution,Artificial Intelligence Revolution,Developers,Group,255,53.74
2025-03-01,ai-revolution,Artificial Intelligence Revolution,Regulators,Group,297,42.8
2025-04-01,ai-revolution,Artificial Intelligence Revolution,OpenAI,Organization,659,93.29
2025-04-01,ai-revolution,Artificial Intelligence Revolution,GPT Models,Product,429,79.44
2025-04-01,ai-revolution,Artificial Intelligence Revolution,Microsoft,Organization,330,58.13
2025-04-01,ai-revolution,Artificial Intelligence Revolution,AI Agents,Topic,566,61.54
2025-04-01,ai-revolution,Artificial Intelligence Revolution,Developers,Group,352,46.04
2025-04-01,ai-revolution,Artificial Intelligence Revolution,Regulators,Group,299,43.17
2025-05-01,ai-revolution,Artificial Intelligence Revolution,OpenAI,Organization,603,83.34
2025-05-01,ai-revolution,Artificial Intelligence Revolution,GPT Models,Product,519,85.04
2025-05-01,ai-revolution,Artificial Intelligence Revolution,Microsoft,Organization,290,68.35
2025-05-01,ai-revolution,Artificial Intelligence Revolution,AI Agents,Topic,554,70.75
2025-05-01,ai-revolution,Artificial Intelligence Revolution,Developers,Group,242,39.14
2025-05-01,ai-revolution,Artificial Intelligence Revolution,Regulators,Group,260,49.79
2025-06-01,ai-revolution,Artificial Intelligence Revolution,OpenAI,Organization,575,84.01
2025-06-01,ai-revolution,Artificial Intelligence Revolution,GPT Models,Product,406,68.06
2025-06-01,ai-revolution,Artificial Intelligence Revolution,Microsoft,Organization,523,65.71
2025-06-01,ai-revolution,Artificial Intelligence Revolution,AI Agents,Topic,437,72.16
2025-06-01,ai-revolution,Artificial Intelligence Revolution,Developers,Group,258,46.22
2025-06-01,ai-revolution,Artificial Intelligence Revolution,Regulators,Group,210,48.52
2025-07-01,ai-revolution,Artificial Intelligence Revolution,OpenAI,Organization,421,90.43
2025-07-01,ai-revolution,Artificial Intelligence Revolution,GPT Models,Product,371,75.39
2025-07-01,ai-revolution,Artificial Intelligence Revolution,Microsoft,Organization,334,69.03
2025-07-01,ai-revolution,Artificial Intelligence Revolution,AI Agents,Topic,292,71.04
2025-07-01,ai-revolution,Artificial Intelligence Revolution,Developers,Group,236,44.6
2025-07-01,ai-revolution,Artificial Intelligence Revolution,Regulators,Group,186,37.21
2025-08-01,ai-revolution,Artificial Intelligence Revolution,OpenAI,Organization,537,93.87
2025-08-01,ai-revolution,Artificial Intelligence Revolution,GPT Models,Product,376,69.57
2025-08-01,ai-revolution,Artificial Intelligence Revolution,Microsoft,Organization,389,64.69
2025-08-01,ai-revolution,Artificial Intelligence Revolution,AI Agents,Topic,328,61.14
2025-08-01,ai-revolution,Artificial Intelligence Revolution,Developers,Group,224,52.71
2025-08-01,ai-revolution,Artificial Intelligence Revolution,Regulators,Group,242,44.87
2025-09-01,ai-revolution,Artificial Intelligence Revolution,OpenAI,Organization,584,82.49
2025-09-01,ai-revolution,Artificial Intelligence Revolution,GPT Models,Product,488,82.88
2025-09-01,ai-revolution,Artificial Intelligence Revolution,Microsoft,Organization,416,57.8
2025-09-01,ai-revolution,Artificial Intelligence Revolution,AI Agents,Topic,412,59.77
2025-09-01,ai-revolution,Artificial Intelligence Revolution,Developers,Group,255,52.69
2025-09-01,ai-revolution,Artificial Intelligence Revolution,Regulators,Group,282,37.61
2025-10-01,ai-revolution,Artificial Intelligence Revolution,OpenAI,Organization,637,88.83
2025-10-01,ai-revolution,Artificial Intelligence Revolution,GPT Models,Product,460,76.31
2025-10-01,ai-revolution,Artificial Intelligence Revolution,Microsoft,Organization,463,57.14
2025-10-01,ai-revolution,Artificial Intelligence Revolution,AI Agents,Topic,472,66.29
2025-10-01,ai-revolution,Artificial Intelligence Revolution,Developers,Group,321,51.06
2025-10-01,ai-revolution,Artificial Intelligence Revolution,Regulators,Group,213,43.1
2025-11-01,ai-revolution,Artificial Intelligence Revolution,OpenAI,Organization,640,83.92
2025-11-01,ai-revolution,Artificial Intelligence Revolution,GPT Models,Product,327,72.9
2025-11-01,ai-revolution,Artificial Intelligence Revolution,Microsoft,Organization,342,59.38
2025-11-01,ai-revolution,Artificial Intelligence Revolution,AI Agents,Topic,464,73.79
2025-11-01,ai-revolution,Artificial Intelligence Revolution,Developers,Group,284,45.42
2025-11-01,ai-revolution,Artificial Intelligence Revolution,Regulators,Group,230,43.27
2025-12-01,ai-revolution,Artificial Intelligence Revolution,OpenAI,Organization,581,92.17
2025-12-01,ai-revolution,Artificial Intelligence Revolution,GPT Models,Product,556,75.73
2025-12-01,ai-revolution,Artificial Intelligence Revolution,Microsoft,Organization,382,62.09
2025-12-01,ai-revolution,Artificial Intelligence Revolution,AI Agents,Topic,523,67.65
2025-12-01,ai-revolution,Artificial Intelligence Revolution,Developers,Group,178,51.22
2025-12-01,ai-revolution,Artificial Intelligence Revolution,Regulators,Group,230,43.26
2026-01-01,ai-revolution,Artificial Intelligence Revolution,OpenAI,Organization,616,94.67
2026-01-01,ai-revolution,Artificial Intelligence Revolution,GPT Models,Product,478,84.77
2026-01-01,ai-revolution,Artificial Intelligence Revolution,Microsoft,Organization,386,63.7
2026-01-01,ai-revolution,Artificial Intelligence Revolution,AI Agents,Topic,421,75.74
2026-01-01,ai-revolution,Artificial Intelligence Revolution,Developers,Group,335,51.14
2026-01-01,ai-revolution,Artificial Intelligence Revolution,Regulators,Group,276,44.5
2026-02-01,ai-revolution,Artificial Intelligence Revolution,OpenAI,Organization,731,89.94
2026-02-01,ai-revolution,Artificial Intelligence Revolution,GPT Models,Product,514,84.89
2026-02-01,ai-revolution,Artificial Intelligence Revolution,Microsoft,Organization,525,56.29
2026-02-01,ai-revolution,Artificial Intelligence Revolution,AI Agents,Topic,601,68.45
2026-02-01,ai-revolution,Artificial Intelligence Revolution,Developers,Group,323,42.53
2026-02-01,ai-revolution,Artificial Intelligence Revolution,Regulators,Group,255,43.27
2026-03-01,ai-revolution,Artificial Intelligence Revolution,OpenAI,Organization,554,91.21
2026-03-01,ai-revolution,Artificial Intelligence Revolution,GPT Models,Product,519,77.15
2026-03-01,ai-revolution,Artificial Intelligence Revolution,Microsoft,Organization,395,69.42
2026-03-01,ai-revolution,Artificial Intelligence Revolution,AI Agents,Topic,462,59.17
2026-03-01,ai-revolution,Artificial Intelligence Revolution,Developers,Group,360,47.58
2026-03-01,ai-revolution,Artificial Intelligence Revolution,Regulators,Group,300,53.05
2026-04-01,ai-revolution,Artificial Intelligence Revolution,OpenAI,Organization,674,81.52
2026-04-01,ai-revolution,Artificial Intelligence Revolution,GPT Models,Product,831,73.28
2026-04-01,ai-revolution,Artificial Intelligence Revolution,Microsoft,Organization,381,68.6
2026-04-01,ai-revolution,Artificial Intelligence Revolution,AI Agents,Topic,477,59.29
2026-04-01,ai-revolution,Artificial Intelligence Revolution,Developers,Group,357,52.08
2026-04-01,ai-revolution,Artificial Intelligence Revolution,Regulators,Group,239,36.03
2026-05-01,ai-revolution,Artificial Intelligence Revolution,OpenAI,Organization,849,95.36
2026-05-01,ai-revolution,Artificial Intelligence Revolution,GPT Models,Product,759,77.49
2026-05-01,ai-revolution,Artificial Intelligence Revolution,Microsoft,Organization,666,68.16
2026-05-01,ai-revolution,Artificial Intelligence Revolution,AI Agents,Topic,692,66.2
2026-05-01,ai-revolution,Artificial Intelligence Revolution,Developers,Group,303,41.3
2026-05-01,ai-revolution,Artificial Intelligence Revolution,Regulators,Group,301,41.95
2026-06-01,ai-revolution,Artificial Intelligence Revolution,OpenAI,Organization,986,93.5
2026-06-01,ai-revolution,Artificial Intelligence Revolution,GPT Models,Product,838,85.03
2026-06-01,ai-revolution,Artificial Intelligence Revolution,Microsoft,Organization,566,61.59
2026-06-01,ai-revolution,Artificial Intelligence Revolution,AI Agents,Topic,584,62.0
2026-06-01,ai-revolution,Artificial Intelligence Revolution,Developers,Group,391,51.37
2026-06-01,ai-revolution,Artificial Intelligence Revolution,Regulators,Group,418,48.41
2023-01-01,cricket-world-cup,Cricket World Cup,Pakistan Cricket Board,Organization,24,69.3
2023-01-01,cricket-world-cup,Cricket World Cup,ICC,Organization,35,79.13
2023-01-01,cricket-world-cup,Cricket World Cup,Babar Azam,Person,22,79.79
2023-01-01,cricket-world-cup,Cricket World Cup,India,Location,21,65.96
2023-01-01,cricket-world-cup,Cricket World Cup,Fans,Group,18,47.09
2023-02-01,cricket-world-cup,Cricket World Cup,Pakistan Cricket Board,Organization,36,63.95
2023-02-01,cricket-world-cup,Cricket World Cup,ICC,Organization,25,84.71
2023-02-01,cricket-world-cup,Cricket World Cup,Babar Azam,Person,38,65.61
2023-02-01,cricket-world-cup,Cricket World Cup,India,Location,22,53.1
2023-02-01,cricket-world-cup,Cricket World Cup,Fans,Group,21,48.37
2023-03-01,cricket-world-cup,Cricket World Cup,Pakistan Cricket Board,Organization,23,66.85
2023-03-01,cricket-world-cup,Cricket World Cup,ICC,Organization,46,79.16
2023-03-01,cricket-world-cup,Cricket World Cup,Babar Azam,Person,26,68.43
2023-03-01,cricket-world-cup,Cricket World Cup,India,Location,20,56.25
2023-03-01,cricket-world-cup,Cricket World Cup,Fans,Group,25,55.5
2023-04-01,cricket-world-cup,Cricket World Cup,Pakistan Cricket Board,Organization,33,61.76
2023-04-01,cricket-world-cup,Cricket World Cup,ICC,Organization,45,73.09
2023-04-01,cricket-world-cup,Cricket World Cup,Babar Azam,Person,32,69.11
2023-04-01,cricket-world-cup,Cricket World Cup,India,Location,30,66.74
2023-04-01,cricket-world-cup,Cricket World Cup,Fans,Group,21,47.32
2023-05-01,cricket-world-cup,Cricket World Cup,Pakistan Cricket Board,Organization,31,70.79
2023-05-01,cricket-world-cup,Cricket World Cup,ICC,Organization,37,72.99
2023-05-01,cricket-world-cup,Cricket World Cup,Babar Azam,Person,35,71.43
2023-05-01,cricket-world-cup,Cricket World Cup,India,Location,20,65.33
2023-05-01,cricket-world-cup,Cricket World Cup,Fans,Group,25,51.04
2023-06-01,cricket-world-cup,Cricket World Cup,Pakistan Cricket Board,Organization,29,76.88
2023-06-01,cricket-world-cup,Cricket World Cup,ICC,Organization,36,74.53
2023-06-01,cricket-world-cup,Cricket World Cup,Babar Azam,Person,30,81.45
2023-06-01,cricket-world-cup,Cricket World Cup,India,Location,21,55.28
2023-06-01,cricket-world-cup,Cricket World Cup,Fans,Group,26,62.27
2023-07-01,cricket-world-cup,Cricket World Cup,Pakistan Cricket Board,Organization,28,76.94
2023-07-01,cricket-world-cup,Cricket World Cup,ICC,Organization,34,85.97
2023-07-01,cricket-world-cup,Cricket World Cup,Babar Azam,Person,37,64.7
2023-07-01,cricket-world-cup,Cricket World Cup,India,Location,20,52.93
2023-07-01,cricket-world-cup,Cricket World Cup,Fans,Group,16,56.39
2023-08-01,cricket-world-cup,Cricket World Cup,Pakistan Cricket Board,Organization,93,72.48
2023-08-01,cricket-world-cup,Cricket World Cup,ICC,Organization,74,84.26
2023-08-01,cricket-world-cup,Cricket World Cup,Babar Azam,Person,84,74.75
2023-08-01,cricket-world-cup,Cricket World Cup,India,Location,50,56.58
2023-08-01,cricket-world-cup,Cricket World Cup,Fans,Group,57,46.72
2023-09-01,cricket-world-cup,Cricket World Cup,Pakistan Cricket Board,Organization,124,63.84
2023-09-01,cricket-world-cup,Cricket World Cup,ICC,Organization,110,77.67
2023-09-01,cricket-world-cup,Cricket World Cup,Babar Azam,Person,110,80.19
2023-09-01,cricket-world-cup,Cricket World Cup,India,Location,62,65.32
2023-09-01,cricket-world-cup,Cricket World Cup,Fans,Group,74,58.37
2023-10-01,cricket-world-cup,Cricket World Cup,Pakistan Cricket Board,Organization,107,76.54
2023-10-01,cricket-world-cup,Cricket World Cup,ICC,Organization,164,86.27
2023-10-01,cricket-world-cup,Cricket World Cup,Babar Azam,Person,126,65.6
2023-10-01,cricket-world-cup,Cricket World Cup,India,Location,108,59.29
2023-10-01,cricket-world-cup,Cricket World Cup,Fans,Group,99,59.21
2023-11-01,cricket-world-cup,Cricket World Cup,Pakistan Cricket Board,Organization,134,77.11
2023-11-01,cricket-world-cup,Cricket World Cup,ICC,Organization,116,82.14
2023-11-01,cricket-world-cup,Cricket World Cup,Babar Azam,Person,196,70.61
2023-11-01,cricket-world-cup,Cricket World Cup,India,Location,140,54.5
2023-11-01,cricket-world-cup,Cricket World Cup,Fans,Group,85,45.32
2023-12-01,cricket-world-cup,Cricket World Cup,Pakistan Cricket Board,Organization,157,71.43
2023-12-01,cricket-world-cup,Cricket World Cup,ICC,Organization,219,79.78
2023-12-01,cricket-world-cup,Cricket World Cup,Babar Azam,Person,184,69.72
2023-12-01,cricket-world-cup,Cricket World Cup,India,Location,120,54.01
2023-12-01,cricket-world-cup,Cricket World Cup,Fans,Group,84,51.8
2024-01-01,cricket-world-cup,Cricket World Cup,Pakistan Cricket Board,Organization,227,71.63
2024-01-01,cricket-world-cup,Cricket World Cup,ICC,Organization,242,81.37
2024-01-01,cricket-world-cup,Cricket World Cup,Babar Azam,Person,198,80.39
2024-01-01,cricket-world-cup,Cricket World Cup,India,Location,124,60.44
2024-01-01,cricket-world-cup,Cricket World Cup,Fans,Group,142,54.43
2024-02-01,cricket-world-cup,Cricket World Cup,Pakistan Cricket Board,Organization,214,65.08
2024-02-01,cricket-world-cup,Cricket World Cup,ICC,Organization,216,71.61
2024-02-01,cricket-world-cup,Cricket World Cup,Babar Azam,Person,206,65.48
2024-02-01,cricket-world-cup,Cricket World Cup,India,Location,200,50.81
2024-02-01,cricket-world-cup,Cricket World Cup,Fans,Group,156,60.18
2024-03-01,cricket-world-cup,Cricket World Cup,Pakistan Cricket Board,Organization,207,71.5
2024-03-01,cricket-world-cup,Cricket World Cup,ICC,Organization,173,80.78
2024-03-01,cricket-world-cup,Cricket World Cup,Babar Azam,Person,160,65.1
2024-03-01,cricket-world-cup,Cricket World Cup,India,Location,205,61.75
2024-03-01,cricket-world-cup,Cricket World Cup,Fans,Group,156,61.62
2024-04-01,cricket-world-cup,Cricket World Cup,Pakistan Cricket Board,Organization,353,63.42
2024-04-01,cricket-world-cup,Cricket World Cup,ICC,Organization,316,72.83
2024-04-01,cricket-world-cup,Cricket World Cup,Babar Azam,Person,418,67.56
2024-04-01,cricket-world-cup,Cricket World Cup,India,Location,247,56.09
2024-04-01,cricket-world-cup,Cricket World Cup,Fans,Group,219,50.37
2024-05-01,cricket-world-cup,Cricket World Cup,Pakistan Cricket Board,Organization,359,71.85
2024-05-01,cricket-world-cup,Cricket World Cup,ICC,Organization,307,78.05
2024-05-01,cricket-world-cup,Cricket World Cup,Babar Azam,Person,418,72.76
2024-05-01,cricket-world-cup,Cricket World Cup,India,Location,392,52.39
2024-05-01,cricket-world-cup,Cricket World Cup,Fans,Group,216,46.05
2024-06-01,cricket-world-cup,Cricket World Cup,Pakistan Cricket Board,Organization,464,77.96
2024-06-01,cricket-world-cup,Cricket World Cup,ICC,Organization,400,85.28
2024-06-01,cricket-world-cup,Cricket World Cup,Babar Azam,Person,435,76.14
2024-06-01,cricket-world-cup,Cricket World Cup,India,Location,380,53.46
2024-06-01,cricket-world-cup,Cricket World Cup,Fans,Group,305,61.02
2024-07-01,cricket-world-cup,Cricket World Cup,Pakistan Cricket Board,Organization,400,76.81
2024-07-01,cricket-world-cup,Cricket World Cup,ICC,Organization,562,72.79
2024-07-01,cricket-world-cup,Cricket World Cup,Babar Azam,Person,371,71.66
2024-07-01,cricket-world-cup,Cricket World Cup,India,Location,353,52.97
2024-07-01,cricket-world-cup,Cricket World Cup,Fans,Group,283,59.77
2024-08-01,cricket-world-cup,Cricket World Cup,Pakistan Cricket Board,Organization,436,73.89
2024-08-01,cricket-world-cup,Cricket World Cup,ICC,Organization,519,81.12
2024-08-01,cricket-world-cup,Cricket World Cup,Babar Azam,Person,585,76.07
2024-08-01,cricket-world-cup,Cricket World Cup,India,Location,542,60.52
2024-08-01,cricket-world-cup,Cricket World Cup,Fans,Group,409,50.37
2024-09-01,cricket-world-cup,Cricket World Cup,Pakistan Cricket Board,Organization,370,75.69
2024-09-01,cricket-world-cup,Cricket World Cup,ICC,Organization,541,73.13
2024-09-01,cricket-world-cup,Cricket World Cup,Babar Azam,Person,606,75.46
2024-09-01,cricket-world-cup,Cricket World Cup,India,Location,385,56.38
2024-09-01,cricket-world-cup,Cricket World Cup,Fans,Group,320,52.04
2024-10-01,cricket-world-cup,Cricket World Cup,Pakistan Cricket Board,Organization,508,71.15
2024-10-01,cricket-world-cup,Cricket World Cup,ICC,Organization,509,86.82
2024-10-01,cricket-world-cup,Cricket World Cup,Babar Azam,Person,336,82.1
2024-10-01,cricket-world-cup,Cricket World Cup,India,Location,327,62.83
2024-10-01,cricket-world-cup,Cricket World Cup,Fans,Group,266,61.6
2024-11-01,cricket-world-cup,Cricket World Cup,Pakistan Cricket Board,Organization,243,62.12
2024-11-01,cricket-world-cup,Cricket World Cup,ICC,Organization,256,73.8
2024-11-01,cricket-world-cup,Cricket World Cup,Babar Azam,Person,237,77.05
2024-11-01,cricket-world-cup,Cricket World Cup,India,Location,216,56.2
2024-11-01,cricket-world-cup,Cricket World Cup,Fans,Group,173,57.75
2024-12-01,cricket-world-cup,Cricket World Cup,Pakistan Cricket Board,Organization,383,67.01
2024-12-01,cricket-world-cup,Cricket World Cup,ICC,Organization,431,81.83
2024-12-01,cricket-world-cup,Cricket World Cup,Babar Azam,Person,323,73.19
2024-12-01,cricket-world-cup,Cricket World Cup,India,Location,207,65.14
2024-12-01,cricket-world-cup,Cricket World Cup,Fans,Group,271,60.46
2025-01-01,cricket-world-cup,Cricket World Cup,Pakistan Cricket Board,Organization,308,63.6
2025-01-01,cricket-world-cup,Cricket World Cup,ICC,Organization,364,80.15
2025-01-01,cricket-world-cup,Cricket World Cup,Babar Azam,Person,313,70.27
2025-01-01,cricket-world-cup,Cricket World Cup,India,Location,242,60.83
2025-01-01,cricket-world-cup,Cricket World Cup,Fans,Group,202,46.05
2025-02-01,cricket-world-cup,Cricket World Cup,Pakistan Cricket Board,Organization,288,63.74
2025-02-01,cricket-world-cup,Cricket World Cup,ICC,Organization,318,86.23
2025-02-01,cricket-world-cup,Cricket World Cup,Babar Azam,Person,186,69.9
2025-02-01,cricket-world-cup,Cricket World Cup,India,Location,195,62.4
2025-02-01,cricket-world-cup,Cricket World Cup,Fans,Group,174,61.45
2025-03-01,cricket-world-cup,Cricket World Cup,Pakistan Cricket Board,Organization,304,76.11
2025-03-01,cricket-world-cup,Cricket World Cup,ICC,Organization,232,75.07
2025-03-01,cricket-world-cup,Cricket World Cup,Babar Azam,Person,306,76.7
2025-03-01,cricket-world-cup,Cricket World Cup,India,Location,272,61.98
2025-03-01,cricket-world-cup,Cricket World Cup,Fans,Group,156,55.19
2025-04-01,cricket-world-cup,Cricket World Cup,Pakistan Cricket Board,Organization,212,62.41
2025-04-01,cricket-world-cup,Cricket World Cup,ICC,Organization,284,81.42
2025-04-01,cricket-world-cup,Cricket World Cup,Babar Azam,Person,278,69.47
2025-04-01,cricket-world-cup,Cricket World Cup,India,Location,182,61.62
2025-04-01,cricket-world-cup,Cricket World Cup,Fans,Group,184,59.47
2025-05-01,cricket-world-cup,Cricket World Cup,Pakistan Cricket Board,Organization,213,75.72
2025-05-01,cricket-world-cup,Cricket World Cup,ICC,Organization,282,81.51
2025-05-01,cricket-world-cup,Cricket World Cup,Babar Azam,Person,285,75.67
2025-05-01,cricket-world-cup,Cricket World Cup,India,Location,167,62.42
2025-05-01,cricket-world-cup,Cricket World Cup,Fans,Group,126,57.5
2025-06-01,cricket-world-cup,Cricket World Cup,Pakistan Cricket Board,Organization,136,72.59
2025-06-01,cricket-world-cup,Cricket World Cup,ICC,Organization,229,86.78
2025-06-01,cricket-world-cup,Cricket World Cup,Babar Azam,Person,159,80.97
2025-06-01,cricket-world-cup,Cricket World Cup,India,Location,147,50.24
2025-06-01,cricket-world-cup,Cricket World Cup,Fans,Group,133,54.21
2025-07-01,cricket-world-cup,Cricket World Cup,Pakistan Cricket Board,Organization,118,67.45
2025-07-01,cricket-world-cup,Cricket World Cup,ICC,Organization,203,83.71
2025-07-01,cricket-world-cup,Cricket World Cup,Babar Azam,Person,122,73.95
2025-07-01,cricket-world-cup,Cricket World Cup,India,Location,102,66.36
2025-07-01,cricket-world-cup,Cricket World Cup,Fans,Group,92,50.1
2025-08-01,cricket-world-cup,Cricket World Cup,Pakistan Cricket Board,Organization,112,67.9
2025-08-01,cricket-world-cup,Cricket World Cup,ICC,Organization,135,84.66
2025-08-01,cricket-world-cup,Cricket World Cup,Babar Azam,Person,118,76.11
2025-08-01,cricket-world-cup,Cricket World Cup,India,Location,108,55.88
2025-08-01,cricket-world-cup,Cricket World Cup,Fans,Group,100,58.84
2025-09-01,cricket-world-cup,Cricket World Cup,Pakistan Cricket Board,Organization,131,72.03
2025-09-01,cricket-world-cup,Cricket World Cup,ICC,Organization,94,77.16
2025-09-01,cricket-world-cup,Cricket World Cup,Babar Azam,Person,137,78.89
2025-09-01,cricket-world-cup,Cricket World Cup,India,Location,79,59.62
2025-09-01,cricket-world-cup,Cricket World Cup,Fans,Group,53,58.5
2025-10-01,cricket-world-cup,Cricket World Cup,Pakistan Cricket Board,Organization,60,70.71
2025-10-01,cricket-world-cup,Cricket World Cup,ICC,Organization,95,79.94
2025-10-01,cricket-world-cup,Cricket World Cup,Babar Azam,Person,63,72.67
2025-10-01,cricket-world-cup,Cricket World Cup,India,Location,52,66.66
2025-10-01,cricket-world-cup,Cricket World Cup,Fans,Group,58,53.63
2025-11-01,cricket-world-cup,Cricket World Cup,Pakistan Cricket Board,Organization,66,71.91
2025-11-01,cricket-world-cup,Cricket World Cup,ICC,Organization,88,83.31
2025-11-01,cricket-world-cup,Cricket World Cup,Babar Azam,Person,64,76.37
2025-11-01,cricket-world-cup,Cricket World Cup,India,Location,38,50.64
2025-11-01,cricket-world-cup,Cricket World Cup,Fans,Group,33,61.29
2025-12-01,cricket-world-cup,Cricket World Cup,Pakistan Cricket Board,Organization,116,62.37
2025-12-01,cricket-world-cup,Cricket World Cup,ICC,Organization,140,80.37
2025-12-01,cricket-world-cup,Cricket World Cup,Babar Azam,Person,73,76.0
2025-12-01,cricket-world-cup,Cricket World Cup,India,Location,70,63.26
2025-12-01,cricket-world-cup,Cricket World Cup,Fans,Group,78,46.64
2026-01-01,cricket-world-cup,Cricket World Cup,Pakistan Cricket Board,Organization,99,70.48
2026-01-01,cricket-world-cup,Cricket World Cup,ICC,Organization,83,74.64
2026-01-01,cricket-world-cup,Cricket World Cup,Babar Azam,Person,83,74.94
2026-01-01,cricket-world-cup,Cricket World Cup,India,Location,81,62.03
2026-01-01,cricket-world-cup,Cricket World Cup,Fans,Group,59,60.86
2026-02-01,cricket-world-cup,Cricket World Cup,Pakistan Cricket Board,Organization,127,70.68
2026-02-01,cricket-world-cup,Cricket World Cup,ICC,Organization,119,84.56
2026-02-01,cricket-world-cup,Cricket World Cup,Babar Azam,Person,101,72.05
2026-02-01,cricket-world-cup,Cricket World Cup,India,Location,84,63.03
2026-02-01,cricket-world-cup,Cricket World Cup,Fans,Group,76,48.2
2026-03-01,cricket-world-cup,Cricket World Cup,Pakistan Cricket Board,Organization,121,73.74
2026-03-01,cricket-world-cup,Cricket World Cup,ICC,Organization,87,75.38
2026-03-01,cricket-world-cup,Cricket World Cup,Babar Azam,Person,111,73.31
2026-03-01,cricket-world-cup,Cricket World Cup,India,Location,70,57.66
2026-03-01,cricket-world-cup,Cricket World Cup,Fans,Group,77,46.19
2026-04-01,cricket-world-cup,Cricket World Cup,Pakistan Cricket Board,Organization,124,76.03
2026-04-01,cricket-world-cup,Cricket World Cup,ICC,Organization,117,84.39
2026-04-01,cricket-world-cup,Cricket World Cup,Babar Azam,Person,135,66.42
2026-04-01,cricket-world-cup,Cricket World Cup,India,Location,58,61.93
2026-04-01,cricket-world-cup,Cricket World Cup,Fans,Group,51,49.08
2026-05-01,cricket-world-cup,Cricket World Cup,Pakistan Cricket Board,Organization,135,64.97
2026-05-01,cricket-world-cup,Cricket World Cup,ICC,Organization,105,69.71
2026-05-01,cricket-world-cup,Cricket World Cup,Babar Azam,Person,124,68.05
2026-05-01,cricket-world-cup,Cricket World Cup,India,Location,100,52.5
2026-05-01,cricket-world-cup,Cricket World Cup,Fans,Group,84,48.62
2026-06-01,cricket-world-cup,Cricket World Cup,Pakistan Cricket Board,Organization,74,69.26
2026-06-01,cricket-world-cup,Cricket World Cup,ICC,Organization,112,83.88
2026-06-01,cricket-world-cup,Cricket World Cup,Babar Azam,Person,128,69.94
2026-06-01,cricket-world-cup,Cricket World Cup,India,Location,55,54.07
2026-06-01,cricket-world-cup,Cricket World Cup,Fans,Group,73,47.71
2023-01-01,global-elections,Global Elections,Election Commission,Organization,37,86.45
2023-01-01,global-elections,Global Elections,Political Parties,Organization,37,64.05
2023-01-01,global-elections,Global Elections,Civil Society,Organization,22,53.16
2023-01-01,global-elections,Global Elections,Youth Voters,Group,27,47.71
2023-01-01,global-elections,Global Elections,Fact Checkers,Group,15,46.17
2023-02-01,global-elections,Global Elections,Election Commission,Organization,36,75.38
2023-02-01,global-elections,Global Elections,Political Parties,Organization,36,67.19
2023-02-01,global-elections,Global Elections,Civil Society,Organization,21,42.44
2023-02-01,global-elections,Global Elections,Youth Voters,Group,25,63.17
2023-02-01,global-elections,Global Elections,Fact Checkers,Group,18,49.94
2023-03-01,global-elections,Global Elections,Election Commission,Organization,45,77.64
2023-03-01,global-elections,Global Elections,Political Parties,Organization,40,66.85
2023-03-01,global-elections,Global Elections,Civil Society,Organization,16,57.47
2023-03-01,global-elections,Global Elections,Youth Voters,Group,30,48.83
2023-03-01,global-elections,Global Elections,Fact Checkers,Group,23,56.23
2023-04-01,global-elections,Global Elections,Election Commission,Organization,30,72.55
2023-04-01,global-elections,Global Elections,Political Parties,Organization,26,78.6
2023-04-01,global-elections,Global Elections,Civil Society,Organization,22,48.79
2023-04-01,global-elections,Global Elections,Youth Voters,Group,30,60.22
2023-04-01,global-elections,Global Elections,Fact Checkers,Group,25,46.1
2023-05-01,global-elections,Global Elections,Election Commission,Organization,33,79.67
2023-05-01,global-elections,Global Elections,Political Parties,Organization,31,70.07
2023-05-01,global-elections,Global Elections,Civil Society,Organization,19,40.85
2023-05-01,global-elections,Global Elections,Youth Voters,Group,31,51.68
2023-05-01,global-elections,Global Elections,Fact Checkers,Group,29,47.22
2023-06-01,global-elections,Global Elections,Election Commission,Organization,44,78.82
2023-06-01,global-elections,Global Elections,Political Parties,Organization,37,63.59
2023-06-01,global-elections,Global Elections,Civil Society,Organization,26,56.95
2023-06-01,global-elections,Global Elections,Youth Voters,Group,32,53.51
2023-06-01,global-elections,Global Elections,Fact Checkers,Group,27,43.25
2023-07-01,global-elections,Global Elections,Election Commission,Organization,34,74.12
2023-07-01,global-elections,Global Elections,Political Parties,Organization,26,74.32
2023-07-01,global-elections,Global Elections,Civil Society,Organization,25,43.08
2023-07-01,global-elections,Global Elections,Youth Voters,Group,30,49.25
2023-07-01,global-elections,Global Elections,Fact Checkers,Group,26,57.15
2023-08-01,global-elections,Global Elections,Election Commission,Organization,45,87.26
2023-08-01,global-elections,Global Elections,Political Parties,Organization,34,72.03
2023-08-01,global-elections,Global Elections,Civil Society,Organization,16,53.98
2023-08-01,global-elections,Global Elections,Youth Voters,Group,18,62.44
2023-08-01,global-elections,Global Elections,Fact Checkers,Group,26,46.07
2023-09-01,global-elections,Global Elections,Election Commission,Organization,24,72.39
2023-09-01,global-elections,Global Elections,Political Parties,Organization,32,73.82
2023-09-01,global-elections,Global Elections,Civil Society,Organization,16,48.16
2023-09-01,global-elections,Global Elections,Youth Voters,Group,24,51.81
2023-09-01,global-elections,Global Elections,Fact Checkers,Group,20,52.24
2023-10-01,global-elections,Global Elections,Election Commission,Organization,75,80.26
2023-10-01,global-elections,Global Elections,Political Parties,Organization,54,74.3
2023-10-01,global-elections,Global Elections,Civil Society,Organization,27,43.34
2023-10-01,global-elections,Global Elections,Youth Voters,Group,48,52.24
2023-10-01,global-elections,Global Elections,Fact Checkers,Group,24,51.18
2023-11-01,global-elections,Global Elections,Election Commission,Organization,93,88.44
2023-11-01,global-elections,Global Elections,Political Parties,Organization,57,72.18
2023-11-01,global-elections,Global Elections,Civil Society,Organization,36,40.36
2023-11-01,global-elections,Global Elections,Youth Voters,Group,43,62.35
2023-11-01,global-elections,Global Elections,Fact Checkers,Group,40,53.64
2023-12-01,global-elections,Global Elections,Election Commission,Organization,134,73.4
2023-12-01,global-elections,Global Elections,Political Parties,Organization,107,72.39
2023-12-01,global-elections,Global Elections,Civil Society,Organization,64,56.08
2023-12-01,global-elections,Global Elections,Youth Voters,Group,76,55.98
2023-12-01,global-elections,Global Elections,Fact Checkers,Group,71,47.48
2024-01-01,global-elections,Global Elections,Election Commission,Organization,121,77.63
2024-01-01,global-elections,Global Elections,Political Parties,Organization,111,70.5
2024-01-01,global-elections,Global Elections,Civil Society,Organization,59,48.95
2024-01-01,global-elections,Global Elections,Youth Voters,Group,76,52.4
2024-01-01,global-elections,Global Elections,Fact Checkers,Group,80,55.76
2024-02-01,global-elections,Global Elections,Election Commission,Organization,151,86.72
2024-02-01,global-elections,Global Elections,Political Parties,Organization,168,74.31
2024-02-01,global-elections,Global Elections,Civil Society,Organization,99,42.69
2024-02-01,global-elections,Global Elections,Youth Voters,Group,125,59.88
2024-02-01,global-elections,Global Elections,Fact Checkers,Group,105,59.74
2024-03-01,global-elections,Global Elections,Election Commission,Organization,260,79.48
2024-03-01,global-elections,Global Elections,Political Parties,Organization,172,64.46
2024-03-01,global-elections,Global Elections,Civil Society,Organization,102,54.3
2024-03-01,global-elections,Global Elections,Youth Voters,Group,162,61.34
2024-03-01,global-elections,Global Elections,Fact Checkers,Group,105,43.51
2024-04-01,global-elections,Global Elections,Election Commission,Organization,257,74.74
2024-04-01,global-elections,Global Elections,Political Parties,Organization,226,65.82
2024-04-01,global-elections,Global Elections,Civil Society,Organization,107,55.7
2024-04-01,global-elections,Global Elections,Youth Voters,Group,148,60.51
2024-04-01,global-elections,Global Elections,Fact Checkers,Group,119,48.98
2024-05-01,global-elections,Global Elections,Election Commission,Organization,365,78.25
2024-05-01,global-elections,Global Elections,Political Parties,Organization,181,64.41
2024-05-01,global-elections,Global Elections,Civil Society,Organization,157,54.74
2024-05-01,global-elections,Global Elections,Youth Voters,Group,193,50.66
2024-05-01,global-elections,Global Elections,Fact Checkers,Group,118,58.84
2024-06-01,global-elections,Global Elections,Election Commission,Organization,387,84.97
2024-06-01,global-elections,Global Elections,Political Parties,Organization,367,70.95
2024-06-01,global-elections,Global Elections,Civil Society,Organization,214,54.73
2024-06-01,global-elections,Global Elections,Youth Voters,Group,194,56.46
2024-06-01,global-elections,Global Elections,Fact Checkers,Group,244,57.65
2024-07-01,global-elections,Global Elections,Election Commission,Organization,561,77.82
2024-07-01,global-elections,Global Elections,Political Parties,Organization,486,71.1
2024-07-01,global-elections,Global Elections,Civil Society,Organization,290,53.24
2024-07-01,global-elections,Global Elections,Youth Voters,Group,344,57.28
2024-07-01,global-elections,Global Elections,Fact Checkers,Group,234,49.73
2024-08-01,global-elections,Global Elections,Election Commission,Organization,661,88.89
2024-08-01,global-elections,Global Elections,Political Parties,Organization,417,69.67
2024-08-01,global-elections,Global Elections,Civil Society,Organization,365,56.74
2024-08-01,global-elections,Global Elections,Youth Voters,Group,288,54.24
2024-08-01,global-elections,Global Elections,Fact Checkers,Group,297,46.26
2024-09-01,global-elections,Global Elections,Election Commission,Organization,771,86.92
2024-09-01,global-elections,Global Elections,Political Parties,Organization,544,73.92
2024-09-01,global-elections,Global Elections,Civil Society,Organization,286,44.03
2024-09-01,global-elections,Global Elections,Youth Voters,Group,461,60.63
2024-09-01,global-elections,Global Elections,Fact Checkers,Group,421,44.87
2024-10-01,global-elections,Global Elections,Election Commission,Organization,599,88.87
2024-10-01,global-elections,Global Elections,Political Parties,Organization,591,62.29
2024-10-01,global-elections,Global Elections,Civil Society,Organization,290,57.39
2024-10-01,global-elections,Global Elections,Youth Voters,Group,322,60.43
2024-10-01,global-elections,Global Elections,Fact Checkers,Group,351,53.12
2024-11-01,global-elections,Global Elections,Election Commission,Organization,774,72.82
2024-11-01,global-elections,Global Elections,Political Parties,Organization,807,72.73
2024-11-01,global-elections,Global Elections,Civil Society,Organization,359,49.91
2024-11-01,global-elections,Global Elections,Youth Voters,Group,499,59.06
2024-11-01,global-elections,Global Elections,Fact Checkers,Group,320,48.93
2024-12-01,global-elections,Global Elections,Election Commission,Organization,702,83.75
2024-12-01,global-elections,Global Elections,Political Parties,Organization,556,62.18
2024-12-01,global-elections,Global Elections,Civil Society,Organization,472,46.22
2024-12-01,global-elections,Global Elections,Youth Voters,Group,573,62.8
2024-12-01,global-elections,Global Elections,Fact Checkers,Group,416,57.93
2025-01-01,global-elections,Global Elections,Election Commission,Organization,913,74.05
2025-01-01,global-elections,Global Elections,Political Parties,Organization,503,71.84
2025-01-01,global-elections,Global Elections,Civil Society,Organization,351,54.99
2025-01-01,global-elections,Global Elections,Youth Voters,Group,580,48.02
2025-01-01,global-elections,Global Elections,Fact Checkers,Group,499,57.89
2025-02-01,global-elections,Global Elections,Election Commission,Organization,554,85.54
2025-02-01,global-elections,Global Elections,Political Parties,Organization,506,64.02
2025-02-01,global-elections,Global Elections,Civil Society,Organization,405,41.46
2025-02-01,global-elections,Global Elections,Youth Voters,Group,555,57.86
2025-02-01,global-elections,Global Elections,Fact Checkers,Group,351,43.58
2025-03-01,global-elections,Global Elections,Election Commission,Organization,634,87.65
2025-03-01,global-elections,Global Elections,Political Parties,Organization,517,75.64
2025-03-01,global-elections,Global Elections,Civil Society,Organization,473,53.59
2025-03-01,global-elections,Global Elections,Youth Voters,Group,425,61.54
2025-03-01,global-elections,Global Elections,Fact Checkers,Group,529,51.72
2025-04-01,global-elections,Global Elections,Election Commission,Organization,560,87.38
2025-04-01,global-elections,Global Elections,Political Parties,Organization,527,62.1
2025-04-01,global-elections,Global Elections,Civil Society,Organization,436,57.45
2025-04-01,global-elections,Global Elections,Youth Voters,Group,400,51.8
2025-04-01,global-elections,Global Elections,Fact Checkers,Group,290,58.99
2025-05-01,global-elections,Global Elections,Election Commission,Organization,520,75.99
2025-05-01,global-elections,Global Elections,Political Parties,Organization,592,79.69
2025-05-01,global-elections,Global Elections,Civil Society,Organization,311,51.54
2025-05-01,global-elections,Global Elections,Youth Voters,Group,350,59.33
2025-05-01,global-elections,Global Elections,Fact Checkers,Group,350,51.76
2025-06-01,global-elections,Global Elections,Election Commission,Organization,428,79.18
2025-06-01,global-elections,Global Elections,Political Parties,Organization,376,74.25
2025-06-01,global-elections,Global Elections,Civil Society,Organization,297,43.82
2025-06-01,global-elections,Global Elections,Youth Voters,Group,408,63.19
2025-06-01,global-elections,Global Elections,Fact Checkers,Group,354,54.79
2025-07-01,global-elections,Global Elections,Election Commission,Organization,378,74.31
2025-07-01,global-elections,Global Elections,Political Parties,Organization,467,71.6
2025-07-01,global-elections,Global Elections,Civil Society,Organization,246,54.84
2025-07-01,global-elections,Global Elections,Youth Voters,Group,341,49.36
2025-07-01,global-elections,Global Elections,Fact Checkers,Group,342,46.72
2025-08-01,global-elections,Global Elections,Election Commission,Organization,435,74.14
2025-08-01,global-elections,Global Elections,Political Parties,Organization,258,78.78
2025-08-01,global-elections,Global Elections,Civil Society,Organization,164,51.88
2025-08-01,global-elections,Global Elections,Youth Voters,Group,233,60.5
2025-08-01,global-elections,Global Elections,Fact Checkers,Group,230,54.97
2025-09-01,global-elections,Global Elections,Election Commission,Organization,264,87.84
2025-09-01,global-elections,Global Elections,Political Parties,Organization,234,78.43
2025-09-01,global-elections,Global Elections,Civil Society,Organization,221,47.78
2025-09-01,global-elections,Global Elections,Youth Voters,Group,194,50.68
2025-09-01,global-elections,Global Elections,Fact Checkers,Group,177,54.34
2025-10-01,global-elections,Global Elections,Election Commission,Organization,388,89.53
2025-10-01,global-elections,Global Elections,Political Parties,Organization,421,70.75
2025-10-01,global-elections,Global Elections,Civil Society,Organization,178,46.92
2025-10-01,global-elections,Global Elections,Youth Voters,Group,242,61.78
2025-10-01,global-elections,Global Elections,Fact Checkers,Group,215,44.52
2025-11-01,global-elections,Global Elections,Election Commission,Organization,321,85.62
2025-11-01,global-elections,Global Elections,Political Parties,Organization,242,72.2
2025-11-01,global-elections,Global Elections,Civil Society,Organization,127,51.53
2025-11-01,global-elections,Global Elections,Youth Voters,Group,143,50.6
2025-11-01,global-elections,Global Elections,Fact Checkers,Group,233,55.63
2025-12-01,global-elections,Global Elections,Election Commission,Organization,348,76.98
2025-12-01,global-elections,Global Elections,Political Parties,Organization,207,75.74
2025-12-01,global-elections,Global Elections,Civil Society,Organization,198,56.92
2025-12-01,global-elections,Global Elections,Youth Voters,Group,188,47.16
2025-12-01,global-elections,Global Elections,Fact Checkers,Group,211,44.8
2026-01-01,global-elections,Global Elections,Election Commission,Organization,202,90.08
2026-01-01,global-elections,Global Elections,Political Parties,Organization,257,74.61
2026-01-01,global-elections,Global Elections,Civil Society,Organization,121,42.48
2026-01-01,global-elections,Global Elections,Youth Voters,Group,144,47.21
2026-01-01,global-elections,Global Elections,Fact Checkers,Group,166,53.95
2026-02-01,global-elections,Global Elections,Election Commission,Organization,339,79.9
2026-02-01,global-elections,Global Elections,Political Parties,Organization,209,69.9
2026-02-01,global-elections,Global Elections,Civil Society,Organization,131,50.35
2026-02-01,global-elections,Global Elections,Youth Voters,Group,239,54.15
2026-02-01,global-elections,Global Elections,Fact Checkers,Group,222,43.74
2026-03-01,global-elections,Global Elections,Election Commission,Organization,301,77.68
2026-03-01,global-elections,Global Elections,Political Parties,Organization,216,67.83
2026-03-01,global-elections,Global Elections,Civil Society,Organization,174,46.83
2026-03-01,global-elections,Global Elections,Youth Voters,Group,224,47.38
2026-03-01,global-elections,Global Elections,Fact Checkers,Group,173,59.98
2026-04-01,global-elections,Global Elections,Election Commission,Organization,256,76.82
2026-04-01,global-elections,Global Elections,Political Parties,Organization,247,70.94
2026-04-01,global-elections,Global Elections,Civil Society,Organization,103,42.73
2026-04-01,global-elections,Global Elections,Youth Voters,Group,123,61.31
2026-04-01,global-elections,Global Elections,Fact Checkers,Group,128,58.75
2026-05-01,global-elections,Global Elections,Election Commission,Organization,200,82.56
2026-05-01,global-elections,Global Elections,Political Parties,Organization,139,75.7
2026-05-01,global-elections,Global Elections,Civil Society,Organization,87,43.66
2026-05-01,global-elections,Global Elections,Youth Voters,Group,138,48.66
2026-05-01,global-elections,Global Elections,Fact Checkers,Group,99,58.49
2026-06-01,global-elections,Global Elections,Election Commission,Organization,333,84.5
2026-06-01,global-elections,Global Elections,Political Parties,Organization,244,76.74
2026-06-01,global-elections,Global Elections,Civil Society,Organization,143,56.24
2026-06-01,global-elections,Global Elections,Youth Voters,Group,170,59.1
2026-06-01,global-elections,Global Elections,Fact Checkers,Group,151,59.28
2023-01-01,disaster-response,Natural Disaster Response,Relief Agencies,Organization,25,85.0
2023-01-01,disaster-response,Natural Disaster Response,Local Communities,Group,22,71.74
2023-01-01,disaster-response,Natural Disaster Response,Climate Scientists,Group,14,56.34
2023-01-01,disaster-response,Natural Disaster Response,Government Response Units,Organization,24,60.81
2023-01-01,disaster-response,Natural Disaster Response,Asia Pacific,Location,22,49.05
2023-02-01,disaster-response,Natural Disaster Response,Relief Agencies,Organization,23,85.87
2023-02-01,disaster-response,Natural Disaster Response,Local Communities,Group,29,74.07
2023-02-01,disaster-response,Natural Disaster Response,Climate Scientists,Group,19,41.96
2023-02-01,disaster-response,Natural Disaster Response,Government Response Units,Organization,18,55.31
2023-02-01,disaster-response,Natural Disaster Response,Asia Pacific,Location,21,46.98
2023-03-01,disaster-response,Natural Disaster Response,Relief Agencies,Organization,35,86.05
2023-03-01,disaster-response,Natural Disaster Response,Local Communities,Group,23,64.52
2023-03-01,disaster-response,Natural Disaster Response,Climate Scientists,Group,10,56.38
2023-03-01,disaster-response,Natural Disaster Response,Government Response Units,Organization,16,63.97
2023-03-01,disaster-response,Natural Disaster Response,Asia Pacific,Location,15,53.9
2023-04-01,disaster-response,Natural Disaster Response,Relief Agencies,Organization,49,86.99
2023-04-01,disaster-response,Natural Disaster Response,Local Communities,Group,59,62.24
2023-04-01,disaster-response,Natural Disaster Response,Climate Scientists,Group,35,41.52
2023-04-01,disaster-response,Natural Disaster Response,Government Response Units,Organization,52,65.02
2023-04-01,disaster-response,Natural Disaster Response,Asia Pacific,Location,47,57.39
2023-05-01,disaster-response,Natural Disaster Response,Relief Agencies,Organization,112,71.58
2023-05-01,disaster-response,Natural Disaster Response,Local Communities,Group,80,61.59
2023-05-01,disaster-response,Natural Disaster Response,Climate Scientists,Group,73,43.58
2023-05-01,disaster-response,Natural Disaster Response,Government Response Units,Organization,82,55.22
2023-05-01,disaster-response,Natural Disaster Response,Asia Pacific,Location,52,62.57
2023-06-01,disaster-response,Natural Disaster Response,Relief Agencies,Organization,130,87.36
2023-06-01,disaster-response,Natural Disaster Response,Local Communities,Group,103,71.51
2023-06-01,disaster-response,Natural Disaster Response,Climate Scientists,Group,54,53.37
2023-06-01,disaster-response,Natural Disaster Response,Government Response Units,Organization,105,51.71
2023-06-01,disaster-response,Natural Disaster Response,Asia Pacific,Location,110,48.8
2023-07-01,disaster-response,Natural Disaster Response,Relief Agencies,Organization,257,70.72
2023-07-01,disaster-response,Natural Disaster Response,Local Communities,Group,155,67.46
2023-07-01,disaster-response,Natural Disaster Response,Climate Scientists,Group,129,42.93
2023-07-01,disaster-response,Natural Disaster Response,Government Response Units,Organization,114,58.34
2023-07-01,disaster-response,Natural Disaster Response,Asia Pacific,Location,91,55.4
2023-08-01,disaster-response,Natural Disaster Response,Relief Agencies,Organization,265,84.27
2023-08-01,disaster-response,Natural Disaster Response,Local Communities,Group,240,66.79
2023-08-01,disaster-response,Natural Disaster Response,Climate Scientists,Group,129,44.11
2023-08-01,disaster-response,Natural Disaster Response,Government Response Units,Organization,205,52.05
2023-08-01,disaster-response,Natural Disaster Response,Asia Pacific,Location,203,47.75
2023-09-01,disaster-response,Natural Disaster Response,Relief Agencies,Organization,291,75.99
2023-09-01,disaster-response,Natural Disaster Response,Local Communities,Group,235,62.52
2023-09-01,disaster-response,Natural Disaster Response,Climate Scientists,Group,158,49.87
2023-09-01,disaster-response,Natural Disaster Response,Government Response Units,Organization,232,63.11
2023-09-01,disaster-response,Natural Disaster Response,Asia Pacific,Location,170,45.88
2023-10-01,disaster-response,Natural Disaster Response,Relief Agencies,Organization,325,88.31
2023-10-01,disaster-response,Natural Disaster Response,Local Communities,Group,206,70.22
2023-10-01,disaster-response,Natural Disaster Response,Climate Scientists,Group,112,47.29
2023-10-01,disaster-response,Natural Disaster Response,Government Response Units,Organization,181,53.09
2023-10-01,disaster-response,Natural Disaster Response,Asia Pacific,Location,199,57.07
2023-11-01,disaster-response,Natural Disaster Response,Relief Agencies,Organization,245,76.74
2023-11-01,disaster-response,Natural Disaster Response,Local Communities,Group,308,76.62
2023-11-01,disaster-response,Natural Disaster Response,Climate Scientists,Group,203,41.76
2023-11-01,disaster-response,Natural Disaster Response,Government Response Units,Organization,162,65.9
2023-11-01,disaster-response,Natural Disaster Response,Asia Pacific,Location,236,55.61
2023-12-01,disaster-response,Natural Disaster Response,Relief Agencies,Organization,266,77.0
2023-12-01,disaster-response,Natural Disaster Response,Local Communities,Group,259,68.49
2023-12-01,disaster-response,Natural Disaster Response,Climate Scientists,Group,133,40.82
2023-12-01,disaster-response,Natural Disaster Response,Government Response Units,Organization,257,67.09
2023-12-01,disaster-response,Natural Disaster Response,Asia Pacific,Location,150,50.09
2024-01-01,disaster-response,Natural Disaster Response,Relief Agencies,Organization,365,75.97
2024-01-01,disaster-response,Natural Disaster Response,Local Communities,Group,256,65.62
2024-01-01,disaster-response,Natural Disaster Response,Climate Scientists,Group,199,39.71
2024-01-01,disaster-response,Natural Disaster Response,Government Response Units,Organization,227,66.12
2024-01-01,disaster-response,Natural Disaster Response,Asia Pacific,Location,154,60.57
2024-02-01,disaster-response,Natural Disaster Response,Relief Agencies,Organization,190,75.33
2024-02-01,disaster-response,Natural Disaster Response,Local Communities,Group,256,69.44
2024-02-01,disaster-response,Natural Disaster Response,Climate Scientists,Group,99,43.76
2024-02-01,disaster-response,Natural Disaster Response,Government Response Units,Organization,140,49.89
2024-02-01,disaster-response,Natural Disaster Response,Asia Pacific,Location,178,51.07
2024-03-01,disaster-response,Natural Disaster Response,Relief Agencies,Organization,280,77.86
2024-03-01,disaster-response,Natural Disaster Response,Local Communities,Group,164,66.03
2024-03-01,disaster-response,Natural Disaster Response,Climate Scientists,Group,188,48.38
2024-03-01,disaster-response,Natural Disaster Response,Government Response Units,Organization,153,54.94
2024-03-01,disaster-response,Natural Disaster Response,Asia Pacific,Location,165,56.79
2024-04-01,disaster-response,Natural Disaster Response,Relief Agencies,Organization,291,83.52
2024-04-01,disaster-response,Natural Disaster Response,Local Communities,Group,215,68.58
2024-04-01,disaster-response,Natural Disaster Response,Climate Scientists,Group,131,54.24
2024-04-01,disaster-response,Natural Disaster Response,Government Response Units,Organization,214,56.41
2024-04-01,disaster-response,Natural Disaster Response,Asia Pacific,Location,154,46.91
2024-05-01,disaster-response,Natural Disaster Response,Relief Agencies,Organization,261,71.28
2024-05-01,disaster-response,Natural Disaster Response,Local Communities,Group,308,60.95
2024-05-01,disaster-response,Natural Disaster Response,Climate Scientists,Group,176,40.91
2024-05-01,disaster-response,Natural Disaster Response,Government Response Units,Organization,214,61.76
2024-05-01,disaster-response,Natural Disaster Response,Asia Pacific,Location,194,48.46
2024-06-01,disaster-response,Natural Disaster Response,Relief Agencies,Organization,313,86.59
2024-06-01,disaster-response,Natural Disaster Response,Local Communities,Group,273,65.98
2024-06-01,disaster-response,Natural Disaster Response,Climate Scientists,Group,191,40.94
2024-06-01,disaster-response,Natural Disaster Response,Government Response Units,Organization,158,62.37
2024-06-01,disaster-response,Natural Disaster Response,Asia Pacific,Location,140,55.39
2024-07-01,disaster-response,Natural Disaster Response,Relief Agencies,Organization,277,76.72
2024-07-01,disaster-response,Natural Disaster Response,Local Communities,Group,180,64.57
2024-07-01,disaster-response,Natural Disaster Response,Climate Scientists,Group,149,52.94
2024-07-01,disaster-response,Natural Disaster Response,Government Response Units,Organization,226,52.79
2024-07-01,disaster-response,Natural Disaster Response,Asia Pacific,Location,162,59.15
2024-08-01,disaster-response,Natural Disaster Response,Relief Agencies,Organization,403,73.37
2024-08-01,disaster-response,Natural Disaster Response,Local Communities,Group,256,65.66
2024-08-01,disaster-response,Natural Disaster Response,Climate Scientists,Group,202,50.3
2024-08-01,disaster-response,Natural Disaster Response,Government Response Units,Organization,249,53.81
2024-08-01,disaster-response,Natural Disaster Response,Asia Pacific,Location,285,58.65
2024-09-01,disaster-response,Natural Disaster Response,Relief Agencies,Organization,460,86.36
2024-09-01,disaster-response,Natural Disaster Response,Local Communities,Group,414,63.0
2024-09-01,disaster-response,Natural Disaster Response,Climate Scientists,Group,199,55.05
2024-09-01,disaster-response,Natural Disaster Response,Government Response Units,Organization,332,52.06
2024-09-01,disaster-response,Natural Disaster Response,Asia Pacific,Location,294,59.34
2024-10-01,disaster-response,Natural Disaster Response,Relief Agencies,Organization,484,79.81
2024-10-01,disaster-response,Natural Disaster Response,Local Communities,Group,381,60.52
2024-10-01,disaster-response,Natural Disaster Response,Climate Scientists,Group,205,50.08
2024-10-01,disaster-response,Natural Disaster Response,Government Response Units,Organization,243,52.18
2024-10-01,disaster-response,Natural Disaster Response,Asia Pacific,Location,264,62.18
2024-11-01,disaster-response,Natural Disaster Response,Relief Agencies,Organization,350,85.98
2024-11-01,disaster-response,Natural Disaster Response,Local Communities,Group,282,61.24
2024-11-01,disaster-response,Natural Disaster Response,Climate Scientists,Group,206,51.57
2024-11-01,disaster-response,Natural Disaster Response,Government Response Units,Organization,216,63.21
2024-11-01,disaster-response,Natural Disaster Response,Asia Pacific,Location,282,51.61
2024-12-01,disaster-response,Natural Disaster Response,Relief Agencies,Organization,501,86.66
2024-12-01,disaster-response,Natural Disaster Response,Local Communities,Group,388,72.65
2024-12-01,disaster-response,Natural Disaster Response,Climate Scientists,Group,194,48.49
2024-12-01,disaster-response,Natural Disaster Response,Government Response Units,Organization,310,61.44
2024-12-01,disaster-response,Natural Disaster Response,Asia Pacific,Location,209,48.39
2025-01-01,disaster-response,Natural Disaster Response,Relief Agencies,Organization,470,75.44
2025-01-01,disaster-response,Natural Disaster Response,Local Communities,Group,264,61.56
2025-01-01,disaster-response,Natural Disaster Response,Climate Scientists,Group,222,52.76
2025-01-01,disaster-response,Natural Disaster Response,Government Response Units,Organization,180,63.96
2025-01-01,disaster-response,Natural Disaster Response,Asia Pacific,Location,279,53.34
2025-02-01,disaster-response,Natural Disaster Response,Relief Agencies,Organization,404,73.1
2025-02-01,disaster-response,Natural Disaster Response,Local Communities,Group,277,60.1
2025-02-01,disaster-response,Natural Disaster Response,Climate Scientists,Group,145,43.92
2025-02-01,disaster-response,Natural Disaster Response,Government Response Units,Organization,307,49.91
2025-02-01,disaster-response,Natural Disaster Response,Asia Pacific,Location,189,49.29
2025-03-01,disaster-response,Natural Disaster Response,Relief Agencies,Organization,495,72.0
2025-03-01,disaster-response,Natural Disaster Response,Local Communities,Group,328,61.77
2025-03-01,disaster-response,Natural Disaster Response,Climate Scientists,Group,247,50.97
2025-03-01,disaster-response,Natural Disaster Response,Government Response Units,Organization,240,65.22
2025-03-01,disaster-response,Natural Disaster Response,Asia Pacific,Location,328,53.55
2025-04-01,disaster-response,Natural Disaster Response,Relief Agencies,Organization,468,81.42
2025-04-01,disaster-response,Natural Disaster Response,Local Communities,Group,432,60.42
2025-04-01,disaster-response,Natural Disaster Response,Climate Scientists,Group,207,51.49
2025-04-01,disaster-response,Natural Disaster Response,Government Response Units,Organization,299,50.57
2025-04-01,disaster-response,Natural Disaster Response,Asia Pacific,Location,216,48.31
2025-05-01,disaster-response,Natural Disaster Response,Relief Agencies,Organization,361,77.39
2025-05-01,disaster-response,Natural Disaster Response,Local Communities,Group,310,73.75
2025-05-01,disaster-response,Natural Disaster Response,Climate Scientists,Group,163,42.41
2025-05-01,disaster-response,Natural Disaster Response,Government Response Units,Organization,192,63.29
2025-05-01,disaster-response,Natural Disaster Response,Asia Pacific,Location,221,50.09
2025-06-01,disaster-response,Natural Disaster Response,Relief Agencies,Organization,450,87.06
2025-06-01,disaster-response,Natural Disaster Response,Local Communities,Group,238,71.22
2025-06-01,disaster-response,Natural Disaster Response,Climate Scientists,Group,191,47.16
2025-06-01,disaster-response,Natural Disaster Response,Government Response Units,Organization,295,67.05
2025-06-01,disaster-response,Natural Disaster Response,Asia Pacific,Location,318,54.98
2025-07-01,disaster-response,Natural Disaster Response,Relief Agencies,Organization,349,83.77
2025-07-01,disaster-response,Natural Disaster Response,Local Communities,Group,237,73.39
2025-07-01,disaster-response,Natural Disaster Response,Climate Scientists,Group,193,47.75
2025-07-01,disaster-response,Natural Disaster Response,Government Response Units,Organization,259,63.52
2025-07-01,disaster-response,Natural Disaster Response,Asia Pacific,Location,216,48.33
2025-08-01,disaster-response,Natural Disaster Response,Relief Agencies,Organization,430,78.47
2025-08-01,disaster-response,Natural Disaster Response,Local Communities,Group,221,72.86
2025-08-01,disaster-response,Natural Disaster Response,Climate Scientists,Group,218,52.61
2025-08-01,disaster-response,Natural Disaster Response,Government Response Units,Organization,242,55.61
2025-08-01,disaster-response,Natural Disaster Response,Asia Pacific,Location,241,52.36
2025-09-01,disaster-response,Natural Disaster Response,Relief Agencies,Organization,327,74.92
2025-09-01,disaster-response,Natural Disaster Response,Local Communities,Group,243,63.9
2025-09-01,disaster-response,Natural Disaster Response,Climate Scientists,Group,237,55.63
2025-09-01,disaster-response,Natural Disaster Response,Government Response Units,Organization,300,53.64
2025-09-01,disaster-response,Natural Disaster Response,Asia Pacific,Location,241,56.02
2025-10-01,disaster-response,Natural Disaster Response,Relief Agencies,Organization,387,71.12
2025-10-01,disaster-response,Natural Disaster Response,Local Communities,Group,234,61.55
2025-10-01,disaster-response,Natural Disaster Response,Climate Scientists,Group,180,55.81
2025-10-01,disaster-response,Natural Disaster Response,Government Response Units,Organization,177,57.63
2025-10-01,disaster-response,Natural Disaster Response,Asia Pacific,Location,187,46.18
2025-11-01,disaster-response,Natural Disaster Response,Relief Agencies,Organization,274,84.2
2025-11-01,disaster-response,Natural Disaster Response,Local Communities,Group,254,61.8
2025-11-01,disaster-response,Natural Disaster Response,Climate Scientists,Group,193,52.49
2025-11-01,disaster-response,Natural Disaster Response,Government Response Units,Organization,197,50.47
2025-11-01,disaster-response,Natural Disaster Response,Asia Pacific,Location,199,57.55
2025-12-01,disaster-response,Natural Disaster Response,Relief Agencies,Organization,372,76.72
2025-12-01,disaster-response,Natural Disaster Response,Local Communities,Group,351,64.18
2025-12-01,disaster-response,Natural Disaster Response,Climate Scientists,Group,182,46.52
2025-12-01,disaster-response,Natural Disaster Response,Government Response Units,Organization,163,59.22
2025-12-01,disaster-response,Natural Disaster Response,Asia Pacific,Location,248,49.98
2026-01-01,disaster-response,Natural Disaster Response,Relief Agencies,Organization,289,79.64
2026-01-01,disaster-response,Natural Disaster Response,Local Communities,Group,241,68.01
2026-01-01,disaster-response,Natural Disaster Response,Climate Scientists,Group,149,54.6
2026-01-01,disaster-response,Natural Disaster Response,Government Response Units,Organization,248,59.38
2026-01-01,disaster-response,Natural Disaster Response,Asia Pacific,Location,154,54.94
2026-02-01,disaster-response,Natural Disaster Response,Relief Agencies,Organization,289,86.92
2026-02-01,disaster-response,Natural Disaster Response,Local Communities,Group,269,70.55
2026-02-01,disaster-response,Natural Disaster Response,Climate Scientists,Group,171,41.06
2026-02-01,disaster-response,Natural Disaster Response,Government Response Units,Organization,215,65.74
2026-02-01,disaster-response,Natural Disaster Response,Asia Pacific,Location,192,55.52
2026-03-01,disaster-response,Natural Disaster Response,Relief Agencies,Organization,205,88.26
2026-03-01,disaster-response,Natural Disaster Response,Local Communities,Group,200,75.33
2026-03-01,disaster-response,Natural Disaster Response,Climate Scientists,Group,154,51.38
2026-03-01,disaster-response,Natural Disaster Response,Government Response Units,Organization,166,60.4
2026-03-01,disaster-response,Natural Disaster Response,Asia Pacific,Location,222,54.09
2026-04-01,disaster-response,Natural Disaster Response,Relief Agencies,Organization,292,83.18
2026-04-01,disaster-response,Natural Disaster Response,Local Communities,Group,136,59.27
2026-04-01,disaster-response,Natural Disaster Response,Climate Scientists,Group,86,51.73
2026-04-01,disaster-response,Natural Disaster Response,Government Response Units,Organization,180,67.29
2026-04-01,disaster-response,Natural Disaster Response,Asia Pacific,Location,179,59.06
2026-05-01,disaster-response,Natural Disaster Response,Relief Agencies,Organization,142,84.05
2026-05-01,disaster-response,Natural Disaster Response,Local Communities,Group,167,63.84
2026-05-01,disaster-response,Natural Disaster Response,Climate Scientists,Group,74,42.76
2026-05-01,disaster-response,Natural Disaster Response,Government Response Units,Organization,141,64.66
2026-05-01,disaster-response,Natural Disaster Response,Asia Pacific,Location,86,53.96
2026-06-01,disaster-response,Natural Disaster Response,Relief Agencies,Organization,144,79.51
2026-06-01,disaster-response,Natural Disaster Response,Local Communities,Group,115,65.6
2026-06-01,disaster-response,Natural Disaster Response,Climate Scientists,Group,82,49.54
2026-06-01,disaster-response,Natural Disaster Response,Government Response Units,Organization,80,63.18
2026-06-01,disaster-response,Natural Disaster Response,Asia Pacific,Location,84,45.59
