date,event_id,event_name,topic,positive,neutral,negative,sentiment_score
2023-01-01,ai-revolution,Artificial Intelligence Revolution,AI Assistants,14,14,7,0.176
2023-01-01,ai-revolution,Artificial Intelligence Revolution,Multimodal AI,88,73,39,0.241
2023-01-01,ai-revolution,Artificial Intelligence Revolution,AI Agents,125,107,58,0.212
2023-01-01,ai-revolution,Artificial Intelligence Revolution,AI Governance,78,100,66,-0.107
2023-01-01,ai-revolution,Artificial Intelligence Revolution,Autonomous AI Systems,114,123,77,0.013
2023-02-01,ai-revolution,Artificial Intelligence Revolution,AI Assistants,283,222,116,0.282
2023-02-01,ai-revolution,Artificial Intelligence Revolution,Multimodal AI,95,76,39,0.277
2023-02-01,ai-revolution,Artificial Intelligence Revolution,AI Agents,130,117,66,0.167
2023-02-01,ai-revolution,Artificial Intelligence Revolution,AI Governance,98,99,59,0.072
2023-02-01,ai-revolution,Artificial Intelligence Revolution,Autonomous AI Systems,133,119,67,0.17
2023-03-01,ai-revolution,Artificial Intelligence Revolution,AI Assistants,617,448,221,0.353
2023-03-01,ai-revolution,Artificial Intelligence Revolution,Multimodal AI,100,77,39,0.312
2023-03-01,ai-revolution,Artificial Intelligence Revolution,AI Agents,148,117,61,0.281
2023-03-01,ai-revolution,Artificial Intelligence Revolution,AI Governance,90,102,65,-0.021
2023-03-01,ai-revolution,Artificial Intelligence Revolution,Autonomous AI Systems,137,127,72,0.149
2023-04-01,ai-revolution,Artificial Intelligence Revolution,AI Assistants,876,696,370,0.269
2023-04-01,ai-revolution,Artificial Intelligence Revolution,Multimodal AI,102,82,43,0.264
2023-04-01,ai-revolution,Artificial Intelligence Revolution,AI Agents,146,114,60,0.284
2023-04-01,ai-revolution,Artificial Intelligence Revolution,AI Governance,106,99,57,0.141
2023-04-01,ai-revolution,Artificial Intelligence Revolution,Autonomous AI Systems,146,129,72,0.181
2023-05-01,ai-revolution,Artificial Intelligence Revolution,AI Assistants,1260,872,412,0.399
2023-05-01,ai-revolution,Artificial Intelligence Revolution,Multimodal AI,97,78,40,0.279
2023-05-01,ai-revolution,Artificial Intelligence Revolution,AI Agents,158,123,62,0.303
2023-05-01,ai-revolution,Artificial Intelligence Revolution,AI Governance,116,103,58,0.179
2023-05-01,ai-revolution,Artificial Intelligence Revolution,Autonomous AI Systems,160,124,64,0.294
2023-06-01,ai-revolution,Artificial Intelligence Revolution,AI Assistants,1479,1061,520,0.363
2023-06-01,ai-revolution,Artificial Intelligence Revolution,Multimodal AI,110,77,34,0.418
2023-06-01,ai-revolution,Artificial Intelligence Revolution,AI Agents,143,117,62,0.254
2023-06-01,ai-revolution,Artificial Intelligence Revolution,AI Governance,107,105,63,0.088
2023-06-01,ai-revolution,Artificial Intelligence Revolution,Autonomous AI Systems,155,137,76,0.187
2023-07-01,ai-revolution,Artificial Intelligence Revolution,AI Assistants,1560,1129,557,0.355
2023-07-01,ai-revolution,Artificial Intelligence Revolution,Multimodal AI,112,78,36,0.406
2023-07-01,ai-revolution,Artificial Intelligence Revolution,AI Agents,146,114,59,0.295
2023-07-01,ai-revolution,Artificial Intelligence Revolution,AI Governance,116,97,53,0.226
2023-07-01,ai-revolution,Artificial Intelligence Revolution,Autonomous AI Systems,152,125,67,0.247
2023-08-01,ai-revolution,Artificial Intelligence Revolution,AI Assistants,1649,1234,628,0.323
2023-08-01,ai-revolution,Artificial Intelligence Revolution,Multimodal AI,100,74,36,0.355
2023-08-01,ai-revolution,Artificial Intelligence Revolution,AI Agents,152,106,49,0.398
2023-08-01,ai-revolution,Artificial Intelligence Revolution,AI Governance,109,103,59,0.132
2023-08-01,ai-revolution,Artificial Intelligence Revolution,Autonomous AI Systems,144,120,66,0.227
2023-09-01,ai-revolution,Artificial Intelligence Revolution,AI Assistants,1641,1237,632,0.317
2023-09-01,ai-revolution,Artificial Intelligence Revolution,Multimodal AI,91,70,36,0.3
2023-09-01,ai-revolution,Artificial Intelligence Revolution,AI Agents,145,113,58,0.295
2023-09-01,ai-revolution,Artificial Intelligence Revolution,AI Governance,97,93,55,0.111
2023-09-01,ai-revolution,Artificial Intelligence Revolution,Autonomous AI Systems,135,118,66,0.192
2023-10-01,ai-revolution,Artificial Intelligence Revolution,AI Assistants,1738,1149,520,0.442
2023-10-01,ai-revolution,Artificial Intelligence Revolution,Multimodal AI,99,69,31,0.407
2023-10-01,ai-revolution,Artificial Intelligence Revolution,AI Agents,142,105,51,0.347
2023-10-01,ai-revolution,Artificial Intelligence Revolution,AI Governance,101,89,50,0.185
2023-10-01,ai-revolution,Artificial Intelligence Revolution,Autonomous AI Systems,131,116,64,0.187
2023-11-01,ai-revolution,Artificial Intelligence Revolution,AI Assistants,1552,1059,494,0.412
2023-11-01,ai-revolution,Artificial Intelligence Revolution,Multimodal AI,16,14,5,0.363
2023-11-01,ai-revolution,Artificial Intelligence Revolution,AI Agents,121,102,56,0.224
2023-11-01,ai-revolution,Artificial Intelligence Revolution,AI Governance,86,82,48,0.113
2023-11-01,ai-revolution,Artificial Intelligence Revolution,Autonomous AI Systems,130,104,55,0.267
2023-12-01,ai-revolution,Artificial Intelligence Revolution,AI Assistants,1384,982,476,0.374
2023-12-01,ai-revolution,Artificial Intelligence Revolution,Multimodal AI,305,250,135,0.245
2023-12-01,ai-revolution,Artificial Intelligence Revolution,AI Agents,106,92,51,0.2
2023-12-01,ai-revolution,Artificial Intelligence Revolution,AI Governance,83,81,49,0.088
2023-12-01,ai-revolution,Artificial Intelligence Revolution,Autonomous AI Systems,118,100,55,0.214
2024-01-01,ai-revolution,Artificial Intelligence Revolution,AI Assistants,1105,834,427,0.316
2024-01-01,ai-revolution,Artificial Intelligence Revolution,Multimodal AI,565,482,268,0.207
2024-01-01,ai-revolution,Artificial Intelligence Revolution,AI Agents,100,89,49,0.189
2024-01-01,ai-revolution,Artificial Intelligence Revolution,AI Governance,75,85,55,-0.032
2024-01-01,ai-revolution,Artificial Intelligence Revolution,Autonomous AI Systems,95,96,59,0.063
2024-02-01,ai-revolution,Artificial Intelligence Revolution,AI Assistants,921,731,389,0.269
2024-02-01,ai-revolution,Artificial Intelligence Revolution,Multimodal AI,740,690,409,0.125
2024-02-01,ai-revolution,Artificial Intelligence Revolution,AI Agents,89,91,54,0.072
2024-02-01,ai-revolution,Artificial Intelligence Revolution,AI Governance,72,81,50,-0.003
2024-02-01,ai-revolution,Artificial Intelligence Revolution,Autonomous AI Systems,102,104,63,0.066
2024-03-01,ai-revolution,Artificial Intelligence Revolution,AI Assistants,717,639,368,0.165
2024-03-01,ai-revolution,Artificial Intelligence Revolution,Multimodal AI,911,850,503,0.125
2024-03-01,ai-revolution,Artificial Intelligence Revolution,AI Agents,98,92,53,0.128
2024-03-01,ai-revolution,Artificial Intelligence Revolution,AI Governance,67,76,49,-0.024
2024-03-01,ai-revolution,Artificial Intelligence Revolution,Autonomous AI Systems,87,100,64,-0.029
2024-04-01,ai-revolution,Artificial Intelligence Revolution,AI Assistants,615,518,288,0.215
2024-04-01,ai-revolution,Artificial Intelligence Revolution,Multimodal AI,1175,1159,708,0.078
2024-04-01,ai-revolution,Artificial Intelligence Revolution,AI Agents,92,99,61,0.026
2024-04-01,ai-revolution,Artificial Intelligence Revolution,AI Governance,62,80,54,-0.125
2024-04-01,ai-revolution,Artificial Intelligence Revolution,Autonomous AI Systems,89,107,70,-0.072
2024-05-01,ai-revolution,Artificial Intelligence Revolution,AI Assistants,396,379,227,0.104
2024-05-01,ai-revolution,Artificial Intelligence Revolution,Multimodal AI,1290,1400,897,-0.001
2024-05-01,ai-revolution,Artificial Intelligence Revolution,AI Agents,84,96,62,-0.034
2024-05-01,ai-revolution,Artificial Intelligence Revolution,AI Governance,64,82,54,-0.111
2024-05-01,ai-revolution,Artificial Intelligence Revolution,Autonomous AI Systems,94,101,64,0.012
2024-06-01,ai-revolution,Artificial Intelligence Revolution,AI Assistants,212,199,117,0.125
2024-06-01,ai-revolution,Artificial Intelligence Revolution,Multimodal AI,1608,1597,981,0.071
2024-06-01,ai-revolution,Artificial Intelligence Revolution,AI Agents,102,111,70,0.004
2024-06-01,ai-revolution,Artificial Intelligence Revolution,AI Governance,70,91,62,-0.129
2024-06-01,ai-revolution,Artificial Intelligence Revolution,Autonomous AI Systems,97,110,70,-0.022
2024-07-01,ai-revolution,Artificial Intelligence Revolution,AI Assistants,14,14,7,0.133
2024-07-01,ai-revolution,Artificial Intelligence Revolution,Multimodal AI,1736,1805,1133,0.034
2024-07-01,ai-revolution,Artificial Intelligence Revolution,AI Agents,98,119,78,-0.08
2024-07-01,ai-revolution,Artificial Intelligence Revolution,AI Governance,68,100,71,-0.217
2024-07-01,ai-revolution,Artificial Intelligence Revolution,Autonomous AI Systems,100,125,84,-0.104
2024-08-01,ai-revolution,Artificial Intelligence Revolution,AI Assistants,392,426,272,-0.0
2024-08-01,ai-revolution,Artificial Intelligence Revolution,Multimodal AI,1708,1901,1232,-0.021
2024-08-01,ai-revolution,Artificial Intelligence Revolution,AI Agents,102,119,77,-0.047
2024-08-01,ai-revolution,Artificial Intelligence Revolution,AI Governance,65,100,71,-0.247
2024-08-01,ai-revolution,Artificial Intelligence Revolution,Autonomous AI Systems,95,133,92,-0.183
2024-09-01,ai-revolution,Artificial Intelligence Revolution,AI Assistants,414,413,252,0.071
2024-09-01,ai-revolution,Artificial Intelligence Revolution,Multimodal AI,1913,2003,1262,0.028
2024-09-01,ai-revolution,Artificial Intelligence Revolution,AI Agents,12,14,9,-0.05
2024-09-01,ai-revolution,Artificial Intelligence Revolution,AI Governance,78,112,79,-0.199
2024-09-01,ai-revolution,Artificial Intelligence Revolution,Autonomous AI Systems,103,143,99,-0.178
2024-10-01,ai-revolution,Artificial Intelligence Revolution,AI Assistants,366,406,260,-0.013
2024-10-01,ai-revolution,Artificial Intelligence Revolution,Multimodal AI,1830,2162,1437,-0.067
2024-10-01,ai-revolution,Artificial Intelligence Revolution,AI Agents,498,536,342,0.006
2024-10-01,ai-revolution,Artificial Intelligence Revolution,AI Governance,87,112,76,-0.125
2024-10-01,ai-revolution,Artificial Intelligence Revolution,Autonomous AI Systems,104,144,101,-0.182
2024-11-01,ai-revolution,Artificial Intelligence Revolution,AI Assistants,370,363,221,0.082
2024-11-01,ai-revolution,Artificial Intelligence Revolution,Multimodal AI,1901,2113,1369,-0.02
2024-11-01,ai-revolution,Artificial Intelligence Revolution,AI Agents,915,1103,738,-0.082
2024-11-01,ai-revolution,Artificial Intelligence Revolution,AI Governance,82,113,79,-0.177
2024-11-01,ai-revolution,Artificial Intelligence Revolution,Autonomous AI Systems,113,152,103,-0.148
2024-12-01,ai-revolution,Artificial Intelligence Revolution,AI Assistants,387,347,201,0.159
2024-12-01,ai-revolution,Artificial Intelligence Revolution,Multimodal AI,1880,1908,1183,0.054
2024-12-01,ai-revolution,Artificial Intelligence Revolution,AI Agents,1601,1670,1050,0.031
2024-12-01,ai-revolution,Artificial Intelligence Revolution,AI Governance,92,112,74,-0.082
2024-12-01,ai-revolution,Artificial Intelligence Revolution,Autonomous AI Systems,117,148,100,-0.116
2025-01-01,ai-revolution,Artificial Intelligence Revolution,AI Assistants,344,302,172,0.18
2025-01-01,ai-revolution,Artificial Intelligence Revolution,Multimodal AI,1740,1725,1058,0.073
2025-01-01,ai-revolution,Artificial Intelligence Revolution,AI Agents,1984,2122,1351,0.011
2025-01-01,ai-revolution,Artificial Intelligence Revolution,AI Governance,11,15,9,-0.119
2025-01-01,ai-revolution,Artificial Intelligence Revolution,Autonomous AI Systems,135,139,85,0.049
2025-02-01,ai-revolution,Artificial Intelligence Revolution,AI Assistants,300,285,169,0.115
2025-02-01,ai-revolution,Artificial Intelligence Revolution,Multimodal AI,1477,1441,875,0.087
2025-02-01,ai-revolution,Artificial Intelligence Revolution,AI Agents,2451,2419,1479,0.077
2025-02-01,ai-revolution,Artificial Intelligence Revolution,AI Governance,340,387,251,-0.034
2025-02-01,ai-revolution,Artificial Intelligence Revolution,Autonomous AI Systems,124,139,89,-0.02
2025-03-01,ai-revolution,Artificial Intelligence Revolution,AI Assistants,268,243,141,0.151
2025-03-01,ai-revolution,Artificial Intelligence Revolution,Multimodal AI,1231,1106,641,0.157
2025-03-01,ai-revolution,Artificial Intelligence Revolution,AI Agents,2903,2549,1458,0.177
2025-03-01,ai-revolution,Artificial Intelligence Revolution,AI Governance,586,680,448,-0.053
2025-03-01,ai-revolution,Artificial Intelligence Revolution,Autonomous AI Systems,126,126,76,0.072
2025-04-01,ai-revolution,Artificial Intelligence Revolution,AI Assistants,266,200,101,0.325
2025-04-01,ai-revolution,Artificial Intelligence Revolution,Multimodal AI,902,783,443,0.189
2025-04-01,ai-revolution,Artificial Intelligence Revolution,AI Agents,2923,2628,1526,0.156
2025-04-01,ai-revolution,Artificial Intelligence Revolution,AI Governance,849,1018,680,-0.078
2025-04-01,ai-revolution,Artificial Intelligence Revolution,Autonomous AI Systems,122,117,68,0.118
2025-05-01,ai-revolution,Artificial Intelligence Revolution,AI Assistants,230,187,99,0.257
2025-05-01,ai-revolution,Artificial Intelligence Revolution,Multimodal AI,627,546,309,0.186
2025-05-01,ai-revolution,Artificial Intelligence Revolution,AI Agents,2925,2491,1397,0.204
2025-05-01,ai-revolution,Artificial Intelligence Revolution,AI Governance,1140,1116,679,0.084
2025-05-01,ai-revolution,Artificial Intelligence Revolution,Autonomous AI Systems,120,112,64,0.141
2025-06-01,ai-revolution,Artificial Intelligence Revolution,AI Assistants,216,166,85,0.302
2025-06-01,ai-revolution,Artificial Intelligence Revolution,Multimodal AI,301,254,140,0.215
2025-06-01,ai-revolution,Artificial Intelligence Revolution,AI Agents,2991,2527,1410,0.211
2025-06-01,ai-revolution,Artificial Intelligence Revolution,AI Governance,1422,1339,797,0.117
2025-06-01,ai-revolution,Artificial Intelligence Revolution,Autonomous AI Systems,124,102,54,0.244
2025-07-01,ai-revolution,Artificial Intelligence Revolution,AI Assistants,192,147,74,0.314
2025-07-01,ai-revolution,Artificial Intelligence Revolution,Multimodal AI,16,13,6,0.339
2025-07-01,ai-revolution,Artificial Intelligence Revolution,AI Agents,2782,2335,1297,0.217
2025-07-01,ai-revolution,Artificial Intelligence Revolution,AI Governance,1507,1535,953,0.051
2025-07-01,ai-revolution,Artificial Intelligence Revolution,Autonomous AI Systems,123,98,52,0.267
2025-08-01,ai-revolution,Artificial Intelligence Revolution,AI Assistants,166,122,61,0.341
2025-08-01,ai-revolution,Artificial Intelligence Revolution,Multimodal AI,602,454,230,0.32
2025-08-01,ai-revolution,Artificial Intelligence Revolution,AI Agents,2756,2118,1102,0.298
2025-08-01,ai-revolution,Artificial Intelligence Revolution,AI Governance,1591,1612,999,0.055
2025-08-01,ai-revolution,Artificial Intelligence Revolution,Autonomous AI Systems,114,92,47,0.276
2025-09-01,ai-revolution,Artificial Intelligence Revolution,AI Assistants,170,112,50,0.451
2025-09-01,ai-revolution,Artificial Intelligence Revolution,Multimodal AI,591,400,184,0.423
2025-09-01,ai-revolution,Artificial Intelligence Revolution,AI Agents,2306,1865,1008,0.251
2025-09-01,ai-revolution,Artificial Intelligence Revolution,AI Governance,1801,1638,956,0.147
2025-09-01,ai-revolution,Artificial Intelligence Revolution,Autonomous AI Systems,121,91,46,0.321
2025-10-01,ai-revolution,Artificial Intelligence Revolution,AI Assistants,145,107,53,0.343
2025-10-01,ai-revolution,Artificial Intelligence Revolution,Multimodal AI,518,377,186,0.351
2025-10-01,ai-revolution,Artificial Intelligence Revolution,AI Agents,2337,1621,771,0.395
2025-10-01,ai-revolution,Artificial Intelligence Revolution,AI Governance,2157,1867,1057,0.19
2025-10-01,ai-revolution,Artificial Intelligence Revolution,Autonomous AI Systems,112,97,54,0.199
2025-11-01,ai-revolution,Artificial Intelligence Revolution,AI Assistants,135,99,49,0.347
2025-11-01,ai-revolution,Artificial Intelligence Revolution,Multimodal AI,550,369,169,0.429
2025-11-01,ai-revolution,Artificial Intelligence Revolution,AI Agents,1909,1356,658,0.373
2025-11-01,ai-revolution,Artificial Intelligence Revolution,AI Governance,2055,1811,1038,0.174
2025-11-01,ai-revolution,Artificial Intelligence Revolution,Autonomous AI Systems,14,14,7,0.18
2025-12-01,ai-revolution,Artificial Intelligence Revolution,AI Assistants,151,113,57,0.328
2025-12-01,ai-revolution,Artificial Intelligence Revolution,Multimodal AI,502,352,168,0.387
2025-12-01,ai-revolution,Artificial Intelligence Revolution,AI Agents,1518,1105,548,0.35
2025-12-01,ai-revolution,Artificial Intelligence Revolution,AI Governance,2232,2117,1268,0.11
2025-12-01,ai-revolution,Artificial Intelligence Revolution,Autonomous AI Systems,497,439,250,0.175
2026-01-01,ai-revolution,Artificial Intelligence Revolution,AI Assistants,143,113,59,0.281
2026-01-01,ai-revolution,Artificial Intelligence Revolution,Multimodal AI,486,367,187,0.316
2026-01-01,ai-revolution,Artificial Intelligence Revolution,AI Agents,1155,871,445,0.316
2026-01-01,ai-revolution,Artificial Intelligence Revolution,AI Governance,2083,2118,1316,0.052
2026-01-01,ai-revolution,Artificial Intelligence Revolution,Autonomous AI Systems,1059,981,578,0.132
2026-02-01,ai-revolution,Artificial Intelligence Revolution,AI Assistants,154,117,59,0.317
2026-02-01,ai-revolution,Artificial Intelligence Revolution,Multimodal AI,509,383,195,0.32
2026-02-01,ai-revolution,Artificial Intelligence Revolution,AI Agents,609,459,233,0.319
2026-02-01,ai-revolution,Artificial Intelligence Revolution,AI Governance,2264,2262,1394,0.066
2026-02-01,ai-revolution,Artificial Intelligence Revolution,Autonomous AI Systems,1751,1449,795,0.231
2026-03-01,ai-revolution,Artificial Intelligence Revolution,AI Assistants,170,129,66,0.312
2026-03-01,ai-revolution,Artificial Intelligence Revolution,Multimodal AI,461,374,201,0.251
2026-03-01,ai-revolution,Artificial Intelligence Revolution,AI Agents,15,14,6,0.234
2026-03-01,ai-revolution,Artificial Intelligence Revolution,AI Governance,2280,2241,1368,0.08
2026-03-01,ai-revolution,Artificial Intelligence Revolution,Autonomous AI Systems,2268,2029,1173,0.161
2026-04-01,ai-revolution,Artificial Intelligence Revolution,AI Assistants,169,136,71,0.27
2026-04-01,ai-revolution,Artificial Intelligence Revolution,Multimodal AI,439,355,190,0.255
2026-04-01,ai-revolution,Artificial Intelligence Revolution,AI Agents,1038,955,560,0.138
2026-04-01,ai-revolution,Artificial Intelligence Revolution,AI Governance,2059,2086,1293,0.055
2026-04-01,ai-revolution,Artificial Intelligence Revolution,Autonomous AI Systems,2547,2548,1571,0.065
2026-05-01,ai-revolution,Artificial Intelligence Revolution,AI Assistants,169,147,83,0.187
2026-05-01,ai-revolution,Artificial Intelligence Revolution,Multimodal AI,426,362,201,0.21
2026-05-01,ai-revolution,Artificial Intelligence Revolution,AI Agents,922,938,581,0.053
2026-05-01,ai-revolution,Artificial Intelligence Revolution,AI Governance,1717,2015,1335,-0.062
2026-05-01,ai-revolution,Artificial Intelligence Revolution,Autonomous AI Systems,2943,3028,1893,0.042
2026-06-01,ai-revolution,Artificial Intelligence Revolution,AI Assistants,160,141,80,0.18
2026-06-01,ai-revolution,Artificial Intelligence Revolution,Multimodal AI,344,338,206,0.081
2026-06-01,ai-revolution,Artificial Intelligence Revolution,AI Agents,837,845,522,0.059
2026-06-01,ai-revolution,Artificial Intelligence Revolution,AI Governance,1505,1750,1155,-0.055
2026-06-01,ai-revolution,Artificial Intelligence Revolution,Autonomous AI Systems,2865,3145,2026,-0.01
2023-01-01,cricket-world-cup,Cricket World Cup,Tournament Build Up,65,61,36,0.125
2023-01-01,cricket-world-cup,Cricket World Cup,Pakistan Squad Debate,60,74,49,-0.087
2023-01-01,cricket-world-cup,Cricket World Cup,Final Match Fever,114,101,57,0.174
2023-01-01,cricket-world-cup,Cricket World Cup,Broadcast Rights,50,50,30,0.081
2023-02-01,cricket-world-cup,Cricket World Cup,Tournament Build Up,70,62,33,0.2
2023-02-01,cricket-world-cup,Cricket World Cup,Pakistan Squad Debate,78,81,50,0.043
2023-02-01,cricket-world-cup,Cricket World Cup,Final Match Fever,138,107,54,0.308
2023-02-01,cricket-world-cup,Cricket World Cup,Broadcast Rights,53,55,32,0.065
2023-03-01,cricket-world-cup,Cricket World Cup,Tournament Build Up,75,63,32,0.256
2023-03-01,cricket-world-cup,Cricket World Cup,Pakistan Squad Debate,80,81,50,0.057
2023-03-01,cricket-world-cup,Cricket World Cup,Final Match Fever,143,112,57,0.294
2023-03-01,cricket-world-cup,Cricket World Cup,Broadcast Rights,59,55,31,0.149
2023-04-01,cricket-world-cup,Cricket World Cup,Tournament Build Up,78,66,35,0.239
2023-04-01,cricket-world-cup,Cricket World Cup,Pakistan Squad Debate,86,88,54,0.052
2023-04-01,cricket-world-cup,Cricket World Cup,Final Match Fever,146,110,54,0.333
2023-04-01,cricket-world-cup,Cricket World Cup,Broadcast Rights,64,57,32,0.174
2023-05-01,cricket-world-cup,Cricket World Cup,Tournament Build Up,91,66,32,0.36
2023-05-01,cricket-world-cup,Cricket World Cup,Pakistan Squad Debate,91,82,46,0.171
2023-05-01,cricket-world-cup,Cricket World Cup,Final Match Fever,155,111,53,0.376
2023-05-01,cricket-world-cup,Cricket World Cup,Broadcast Rights,71,57,29,0.283
2023-06-01,cricket-world-cup,Cricket World Cup,Tournament Build Up,90,65,31,0.366
2023-06-01,cricket-world-cup,Cricket World Cup,Pakistan Squad Debate,89,82,47,0.152
2023-06-01,cricket-world-cup,Cricket World Cup,Final Match Fever,171,113,50,0.451
2023-06-01,cricket-world-cup,Cricket World Cup,Broadcast Rights,68,59,32,0.21
2023-07-01,cricket-world-cup,Cricket World Cup,Tournament Build Up,17,13,5,0.381
2023-07-01,cricket-world-cup,Cricket World Cup,Pakistan Squad Debate,86,87,52,0.067
2023-07-01,cricket-world-cup,Cricket World Cup,Final Match Fever,153,108,50,0.392
2023-07-01,cricket-world-cup,Cricket World Cup,Broadcast Rights,71,56,28,0.295
2023-08-01,cricket-world-cup,Cricket World Cup,Tournament Build Up,591,390,176,0.444
2023-08-01,cricket-world-cup,Cricket World Cup,Pakistan Squad Debate,88,83,49,0.119
2023-08-01,cricket-world-cup,Cricket World Cup,Final Match Fever,164,111,50,0.428
2023-08-01,cricket-world-cup,Cricket World Cup,Broadcast Rights,62,54,30,0.199
2023-09-01,cricket-world-cup,Cricket World Cup,Tournament Build Up,948,723,372,0.307
2023-09-01,cricket-world-cup,Cricket World Cup,Pakistan Squad Debate,83,81,49,0.088
2023-09-01,cricket-world-cup,Cricket World Cup,Final Match Fever,146,106,52,0.354
2023-09-01,cricket-world-cup,Cricket World Cup,Broadcast Rights,64,50,26,0.29
2023-10-01,cricket-world-cup,Cricket World Cup,Tournament Build Up,1236,957,501,0.291
2023-10-01,cricket-world-cup,Cricket World Cup,Pakistan Squad Debate,73,72,43,0.095
2023-10-01,cricket-world-cup,Cricket World Cup,Final Match Fever,140,103,49,0.361
2023-10-01,cricket-world-cup,Cricket World Cup,Broadcast Rights,60,49,26,0.256
2023-11-01,cricket-world-cup,Cricket World Cup,Tournament Build Up,1559,1090,522,0.388
2023-11-01,cricket-world-cup,Cricket World Cup,Pakistan Squad Debate,68,68,41,0.075
2023-11-01,cricket-world-cup,Cricket World Cup,Final Match Fever,129,96,47,0.343
2023-11-01,cricket-world-cup,Cricket World Cup,Broadcast Rights,53,46,25,0.208
2023-12-01,cricket-world-cup,Cricket World Cup,Tournament Build Up,1613,1255,659,0.287
2023-12-01,cricket-world-cup,Cricket World Cup,Pakistan Squad Debate,12,15,8,-0.021
2023-12-01,cricket-world-cup,Cricket World Cup,Final Match Fever,124,92,44,0.351
2023-12-01,cricket-world-cup,Cricket World Cup,Broadcast Rights,49,44,24,0.191
2024-01-01,cricket-world-cup,Cricket World Cup,Tournament Build Up,1610,1305,706,0.249
2024-01-01,cricket-world-cup,Cricket World Cup,Pakistan Squad Debate,337,342,211,0.057
2024-01-01,cricket-world-cup,Cricket World Cup,Final Match Fever,122,89,43,0.365
2024-01-01,cricket-world-cup,Cricket World Cup,Broadcast Rights,45,45,27,0.08
2024-02-01,cricket-world-cup,Cricket World Cup,Tournament Build Up,1401,1124,603,0.259
2024-02-01,cricket-world-cup,Cricket World Cup,Pakistan Squad Debate,593,671,437,-0.033
2024-02-01,cricket-world-cup,Cricket World Cup,Final Match Fever,106,86,45,0.259
2024-02-01,cricket-world-cup,Cricket World Cup,Broadcast Rights,40,43,25,0.048
2024-03-01,cricket-world-cup,Cricket World Cup,Tournament Build Up,1171,1046,603,0.163
2024-03-01,cricket-world-cup,Cricket World Cup,Pakistan Squad Debate,788,1016,697,-0.132
2024-03-01,cricket-world-cup,Cricket World Cup,Final Match Fever,14,14,7,0.135
2024-03-01,cricket-world-cup,Cricket World Cup,Broadcast Rights,38,42,26,0.014
2024-04-01,cricket-world-cup,Cricket World Cup,Tournament Build Up,988,916,541,0.13
2024-04-01,cricket-world-cup,Cricket World Cup,Pakistan Squad Debate,1014,1269,862,-0.11
2024-04-01,cricket-world-cup,Cricket World Cup,Final Match Fever,987,809,440,0.24
2024-04-01,cricket-world-cup,Cricket World Cup,Broadcast Rights,43,45,28,0.039
2024-05-01,cricket-world-cup,Cricket World Cup,Tournament Build Up,663,662,406,0.069
2024-05-01,cricket-world-cup,Cricket World Cup,Pakistan Squad Debate,1064,1589,1146,-0.235
2024-05-01,cricket-world-cup,Cricket World Cup,Final Match Fever,1803,1577,899,0.181
2024-05-01,cricket-world-cup,Cricket World Cup,Broadcast Rights,43,46,29,0.015
2024-06-01,cricket-world-cup,Cricket World Cup,Tournament Build Up,346,362,227,0.032
2024-06-01,cricket-world-cup,Cricket World Cup,Pakistan Squad Debate,1300,1858,1322,-0.205
2024-06-01,cricket-world-cup,Cricket World Cup,Final Match Fever,2480,2398,1451,0.094
2024-06-01,cricket-world-cup,Cricket World Cup,Broadcast Rights,44,50,31,-0.013
2024-07-01,cricket-world-cup,Cricket World Cup,Tournament Build Up,13,14,8,0.052
2024-07-01,cricket-world-cup,Cricket World Cup,Pakistan Squad Debate,1351,1994,1432,-0.227
2024-07-01,cricket-world-cup,Cricket World Cup,Final Match Fever,2946,2650,1538,0.156
2024-07-01,cricket-world-cup,Cricket World Cup,Broadcast Rights,11,15,9,-0.108
2024-08-01,cricket-world-cup,Cricket World Cup,Tournament Build Up,426,484,315,-0.035
2024-08-01,cricket-world-cup,Cricket World Cup,Pakistan Squad Debate,1386,2071,1493,-0.235
2024-08-01,cricket-world-cup,Cricket World Cup,Final Match Fever,2645,2628,1613,0.071
2024-08-01,cricket-world-cup,Cricket World Cup,Broadcast Rights,228,279,187,-0.091
2024-09-01,cricket-world-cup,Cricket World Cup,Tournament Build Up,459,461,284,0.064
2024-09-01,cricket-world-cup,Cricket World Cup,Pakistan Squad Debate,1484,1963,1362,-0.151
2024-09-01,cricket-world-cup,Cricket World Cup,Final Match Fever,2227,2092,1247,0.118
2024-09-01,cricket-world-cup,Cricket World Cup,Broadcast Rights,417,592,419,-0.198
2024-10-01,cricket-world-cup,Cricket World Cup,Tournament Build Up,411,426,265,0.04
2024-10-01,cricket-world-cup,Cricket World Cup,Pakistan Squad Debate,1239,1682,1176,-0.169
2024-10-01,cricket-world-cup,Cricket World Cup,Final Match Fever,1207,1148,688,0.108
2024-10-01,cricket-world-cup,Cricket World Cup,Broadcast Rights,700,877,595,-0.11
2024-11-01,cricket-world-cup,Cricket World Cup,Tournament Build Up,374,403,255,0.009
2024-11-01,cricket-world-cup,Cricket World Cup,Pakistan Squad Debate,938,1472,1075,-0.267
2024-11-01,cricket-world-cup,Cricket World Cup,Final Match Fever,14,14,7,0.125
2024-11-01,cricket-world-cup,Cricket World Cup,Broadcast Rights,838,1084,746,-0.135
2024-12-01,cricket-world-cup,Cricket World Cup,Tournament Build Up,324,346,219,0.016
2024-12-01,cricket-world-cup,Cricket World Cup,Pakistan Squad Debate,682,972,690,-0.202
2024-12-01,cricket-world-cup,Cricket World Cup,Final Match Fever,945,866,506,0.142
2024-12-01,cricket-world-cup,Cricket World Cup,Broadcast Rights,1007,1323,914,-0.145
2025-01-01,cricket-world-cup,Cricket World Cup,Tournament Build Up,283,293,182,0.043
2025-01-01,cricket-world-cup,Cricket World Cup,Pakistan Squad Debate,367,500,348,-0.169
2025-01-01,cricket-world-cup,Cricket World Cup,Final Match Fever,813,744,435,0.143
2025-01-01,cricket-world-cup,Cricket World Cup,Broadcast Rights,1212,1450,967,-0.076
2025-02-01,cricket-world-cup,Cricket World Cup,Tournament Build Up,261,252,151,0.099
2025-02-01,cricket-world-cup,Cricket World Cup,Pakistan Squad Debate,11,15,9,-0.111
2025-02-01,cricket-world-cup,Cricket World Cup,Final Match Fever,675,562,308,0.228
2025-02-01,cricket-world-cup,Cricket World Cup,Broadcast Rights,1416,1466,919,0.037
2025-03-01,cricket-world-cup,Cricket World Cup,Tournament Build Up,262,224,123,0.211
2025-03-01,cricket-world-cup,Cricket World Cup,Pakistan Squad Debate,583,637,408,-0.005
2025-03-01,cricket-world-cup,Cricket World Cup,Final Match Fever,542,454,250,0.221
2025-03-01,cricket-world-cup,Cricket World Cup,Broadcast Rights,1404,1375,836,0.084
2025-04-01,cricket-world-cup,Cricket World Cup,Tournament Build Up,210,176,96,0.224
2025-04-01,cricket-world-cup,Cricket World Cup,Pakistan Squad Debate,454,560,378,-0.099
2025-04-01,cricket-world-cup,Cricket World Cup,Final Match Fever,474,368,192,0.292
2025-04-01,cricket-world-cup,Cricket World Cup,Broadcast Rights,1278,1315,820,0.043
2025-05-01,cricket-world-cup,Cricket World Cup,Tournament Build Up,189,151,80,0.266
2025-05-01,cricket-world-cup,Cricket World Cup,Pakistan Squad Debate,411,436,275,0.019
2025-05-01,cricket-world-cup,Cricket World Cup,Final Match Fever,352,293,160,0.228
2025-05-01,cricket-world-cup,Cricket World Cup,Broadcast Rights,1191,1180,723,0.074
2025-06-01,cricket-world-cup,Cricket World Cup,Tournament Build Up,163,131,70,0.259
2025-06-01,cricket-world-cup,Cricket World Cup,Pakistan Squad Debate,394,370,220,0.119
2025-06-01,cricket-world-cup,Cricket World Cup,Final Match Fever,331,240,118,0.356
2025-06-01,cricket-world-cup,Cricket World Cup,Broadcast Rights,1058,882,486,0.225
2025-07-01,cricket-world-cup,Cricket World Cup,Tournament Build Up,157,120,61,0.316
2025-07-01,cricket-world-cup,Cricket World Cup,Pakistan Squad Debate,335,313,184,0.126
2025-07-01,cricket-world-cup,Cricket World Cup,Final Match Fever,290,206,98,0.38
2025-07-01,cricket-world-cup,Cricket World Cup,Broadcast Rights,852,787,462,0.135
2025-08-01,cricket-world-cup,Cricket World Cup,Tournament Build Up,164,117,55,0.384
2025-08-01,cricket-world-cup,Cricket World Cup,Pakistan Squad Debate,313,300,179,0.107
2025-08-01,cricket-world-cup,Cricket World Cup,Final Match Fever,291,217,109,0.331
2025-08-01,cricket-world-cup,Cricket World Cup,Broadcast Rights,699,603,340,0.195
2025-09-01,cricket-world-cup,Cricket World Cup,Tournament Build Up,157,119,60,0.319
2025-09-01,cricket-world-cup,Cricket World Cup,Pakistan Squad Debate,278,245,139,0.178
2025-09-01,cricket-world-cup,Cricket World Cup,Final Match Fever,285,207,101,0.357
2025-09-01,cricket-world-cup,Cricket World Cup,Broadcast Rights,498,390,204,0.284
2025-10-01,cricket-world-cup,Cricket World Cup,Tournament Build Up,159,117,57,0.351
2025-10-01,cricket-world-cup,Cricket World Cup,Pakistan Squad Debate,250,252,154,0.064
2025-10-01,cricket-world-cup,Cricket World Cup,Final Match Fever,319,206,90,0.47
2025-10-01,cricket-world-cup,Cricket World Cup,Broadcast Rights,241,190,99,0.281
2025-11-01,cricket-world-cup,Cricket World Cup,Tournament Build Up,171,126,61,0.35
2025-11-01,cricket-world-cup,Cricket World Cup,Pakistan Squad Debate,224,231,143,0.045
2025-11-01,cricket-world-cup,Cricket World Cup,Final Match Fever,307,214,101,0.396
2025-11-01,cricket-world-cup,Cricket World Cup,Broadcast Rights,15,14,6,0.243
2025-12-01,cricket-world-cup,Cricket World Cup,Tournament Build Up,178,123,57,0.41
2025-12-01,cricket-world-cup,Cricket World Cup,Pakistan Squad Debate,221,206,122,0.126
2025-12-01,cricket-world-cup,Cricket World Cup,Final Match Fever,309,230,116,0.33
2025-12-01,cricket-world-cup,Cricket World Cup,Broadcast Rights,396,331,182,0.223
2026-01-01,cricket-world-cup,Cricket World Cup,Tournament Build Up,189,142,70,0.333
2026-01-01,cricket-world-cup,Cricket World Cup,Pakistan Squad Debate,202,201,122,0.074
2026-01-01,cricket-world-cup,Cricket World Cup,Final Match Fever,329,227,106,0.407
2026-01-01,cricket-world-cup,Cricket World Cup,Broadcast Rights,381,341,196,0.163
2026-02-01,cricket-world-cup,Cricket World Cup,Tournament Build Up,198,150,76,0.318
2026-02-01,cricket-world-cup,Cricket World Cup,Pakistan Squad Debate,191,199,124,0.037
2026-02-01,cricket-world-cup,Cricket World Cup,Final Match Fever,335,251,126,0.326
2026-02-01,cricket-world-cup,Cricket World Cup,Broadcast Rights,372,336,194,0.156
2026-03-01,cricket-world-cup,Cricket World Cup,Tournament Build Up,209,158,80,0.321
2026-03-01,cricket-world-cup,Cricket World Cup,Pakistan Squad Debate,186,213,137,-0.033
2026-03-01,cricket-world-cup,Cricket World Cup,Final Match Fever,372,265,127,0.376
2026-03-01,cricket-world-cup,Cricket World Cup,Broadcast Rights,371,332,192,0.161
2026-04-01,cricket-world-cup,Cricket World Cup,Tournament Build Up,193,157,84,0.251
2026-04-01,cricket-world-cup,Cricket World Cup,Pakistan Squad Debate,175,215,145,-0.096
2026-04-01,cricket-world-cup,Cricket World Cup,Final Match Fever,376,278,140,0.334
2026-04-01,cricket-world-cup,Cricket World Cup,Broadcast Rights,323,328,202,0.058
2026-05-01,cricket-world-cup,Cricket World Cup,Tournament Build Up,189,179,105,0.122
2026-05-01,cricket-world-cup,Cricket World Cup,Pakistan Squad Debate,188,228,152,-0.083
2026-05-01,cricket-world-cup,Cricket World Cup,Final Match Fever,365,308,170,0.215
2026-05-01,cricket-world-cup,Cricket World Cup,Broadcast Rights,297,314,198,0.022
2026-06-01,cricket-world-cup,Cricket World Cup,Tournament Build Up,178,170,100,0.112
2026-06-01,cricket-world-cup,Cricket World Cup,Pakistan Squad Debate,192,221,144,-0.04
2026-06-01,cricket-world-cup,Cricket World Cup,Final Match Fever,337,298,171,0.172
2026-06-01,cricket-world-cup,Cricket World Cup,Broadcast Rights,266,281,177,0.024
2023-01-01,global-elections,Global Elections,Election Security,73,86,55,-0.05
2023-01-01,global-elections,Global Elections,Youth Voter Turnout,63,58,32,0.164
2023-01-01,global-elections,Global Elections,Misinformation Monitoring,66,97,69,-0.221
2023-01-01,global-elections,Global Elections,Coalition Negotiations,72,80,50,0.004
2023-02-01,global-elections,Global Elections,Election Security,72,89,58,-0.088
2023-02-01,global-elections,Global Elections,Youth Voter Turnout,64,58,33,0.156
2023-02-01,global-elections,Global Elections,Misinformation Monitoring,82,101,66,-0.08
2023-02-01,global-elections,Global Elections,Coalition Negotiations,71,81,52,-0.033
2023-03-01,global-elections,Global Elections,Election Security,88,93,58,0.031
2023-03-01,global-elections,Global Elections,Youth Voter Turnout,63,62,35,0.114
2023-03-01,global-elections,Global Elections,Misinformation Monitoring,76,103,70,-0.151
2023-03-01,global-elections,Global Elections,Coalition Negotiations,92,86,51,0.123
2023-04-01,global-elections,Global Elections,Election Security,87,94,59,0.011
2023-04-01,global-elections,Global Elections,Youth Voter Turnout,77,62,32,0.282
2023-04-01,global-elections,Global Elections,Misinformation Monitoring,91,110,72,-0.071
2023-04-01,global-elections,Global Elections,Coalition Negotiations,91,87,51,0.116
2023-05-01,global-elections,Global Elections,Election Security,90,98,62,-0.0
2023-05-01,global-elections,Global Elections,Youth Voter Turnout,80,65,33,0.274
2023-05-01,global-elections,Global Elections,Misinformation Monitoring,90,110,72,-0.075
2023-05-01,global-elections,Global Elections,Coalition Negotiations,89,87,50,0.112
2023-06-01,global-elections,Global Elections,Election Security,92,98,60,0.028
2023-06-01,global-elections,Global Elections,Youth Voter Turnout,79,61,30,0.324
2023-06-01,global-elections,Global Elections,Misinformation Monitoring,91,103,66,-0.022
2023-06-01,global-elections,Global Elections,Coalition Negotiations,99,90,51,0.164
2023-07-01,global-elections,Global Elections,Election Security,94,98,61,0.036
2023-07-01,global-elections,Global Elections,Youth Voter Turnout,76,64,34,0.237
2023-07-01,global-elections,Global Elections,Misinformation Monitoring,95,101,63,0.027
2023-07-01,global-elections,Global Elections,Coalition Negotiations,94,87,50,0.144
2023-08-01,global-elections,Global Elections,Election Security,84,93,59,-0.002
2023-08-01,global-elections,Global Elections,Youth Voter Turnout,76,60,30,0.295
2023-08-01,global-elections,Global Elections,Misinformation Monitoring,97,105,65,0.016
2023-08-01,global-elections,Global Elections,Coalition Negotiations,95,84,46,0.19
2023-09-01,global-elections,Global Elections,Election Security,13,15,7,0.107
2023-09-01,global-elections,Global Elections,Youth Voter Turnout,71,58,30,0.259
2023-09-01,global-elections,Global Elections,Misinformation Monitoring,90,99,62,-0.003
2023-09-01,global-elections,Global Elections,Coalition Negotiations,89,83,48,0.141
2023-10-01,global-elections,Global Elections,Election Security,273,269,163,0.084
2023-10-01,global-elections,Global Elections,Youth Voter Turnout,66,55,28,0.254
2023-10-01,global-elections,Global Elections,Misinformation Monitoring,77,93,62,-0.08
2023-10-01,global-elections,Global Elections,Coalition Negotiations,76,79,48,0.052
2023-11-01,global-elections,Global Elections,Election Security,450,528,349,-0.06
2023-11-01,global-elections,Global Elections,Youth Voter Turnout,57,53,30,0.156
2023-11-01,global-elections,Global Elections,Misinformation Monitoring,77,85,53,0.008
2023-11-01,global-elections,Global Elections,Coalition Negotiations,75,76,46,0.065
2023-12-01,global-elections,Global Elections,Election Security,683,753,485,-0.012
2023-12-01,global-elections,Global Elections,Youth Voter Turnout,59,49,25,0.252
2023-12-01,global-elections,Global Elections,Misinformation Monitoring,65,85,58,-0.136
2023-12-01,global-elections,Global Elections,Coalition Negotiations,69,66,38,0.119
2024-01-01,global-elections,Global Elections,Election Security,878,943,600,0.008
2024-01-01,global-elections,Global Elections,Youth Voter Turnout,14,14,7,0.127
2024-01-01,global-elections,Global Elections,Misinformation Monitoring,62,84,58,-0.159
2024-01-01,global-elections,Global Elections,Coalition Negotiations,65,66,39,0.069
2024-02-01,global-elections,Global Elections,Election Security,885,1029,678,-0.054
2024-02-01,global-elections,Global Elections,Youth Voter Turnout,192,170,95,0.182
2024-02-01,global-elections,Global Elections,Misinformation Monitoring,51,78,56,-0.247
2024-02-01,global-elections,Global Elections,Coalition Negotiations,61,66,40,0.021
2024-03-01,global-elections,Global Elections,Election Security,1033,1250,838,-0.085
2024-03-01,global-elections,Global Elections,Youth Voter Turnout,326,346,218,0.02
2024-03-01,global-elections,Global Elections,Misinformation Monitoring,52,83,59,-0.257
2024-03-01,global-elections,Global Elections,Coalition Negotiations,53,69,45,-0.113
2024-04-01,global-elections,Global Elections,Election Security,1006,1496,1077,-0.232
2024-04-01,global-elections,Global Elections,Youth Voter Turnout,480,495,308,0.043
2024-04-01,global-elections,Global Elections,Misinformation Monitoring,48,85,62,-0.32
2024-04-01,global-elections,Global Elections,Coalition Negotiations,49,67,45,-0.162
2024-05-01,global-elections,Global Elections,Election Security,1174,1775,1284,-0.243
2024-05-01,global-elections,Global Elections,Youth Voter Turnout,666,711,451,0.013
2024-05-01,global-elections,Global Elections,Misinformation Monitoring,9,16,10,-0.259
2024-05-01,global-elections,Global Elections,Coalition Negotiations,59,73,47,-0.073
2024-06-01,global-elections,Global Elections,Election Security,1256,1997,1466,-0.276
2024-06-01,global-elections,Global Elections,Youth Voter Turnout,776,878,571,-0.032
2024-06-01,global-elections,Global Elections,Misinformation Monitoring,212,353,260,-0.3
2024-06-01,global-elections,Global Elections,Coalition Negotiations,53,77,53,-0.204
2024-07-01,global-elections,Global Elections,Election Security,1335,2220,1649,-0.304
2024-07-01,global-elections,Global Elections,Youth Voter Turnout,942,1116,741,-0.068
2024-07-01,global-elections,Global Elections,Misinformation Monitoring,446,729,538,-0.293
2024-07-01,global-elections,Global Elections,Coalition Negotiations,61,79,54,-0.134
2024-08-01,global-elections,Global Elections,Election Security,1351,2328,1744,-0.326
2024-08-01,global-elections,Global Elections,Youth Voter Turnout,1057,1293,871,-0.093
2024-08-01,global-elections,Global Elections,Misinformation Monitoring,660,1250,956,-0.381
2024-08-01,global-elections,Global Elections,Coalition Negotiations,61,91,64,-0.227
2024-09-01,global-elections,Global Elections,Election Security,1525,2625,1966,-0.325
2024-09-01,global-elections,Global Elections,Youth Voter Turnout,1329,1512,989,-0.038
2024-09-01,global-elections,Global Elections,Misinformation Monitoring,856,1647,1264,-0.39
2024-09-01,global-elections,Global Elections,Coalition Negotiations,56,90,65,-0.273
2024-10-01,global-elections,Global Elections,Election Security,1447,2480,1857,-0.323
2024-10-01,global-elections,Global Elections,Youth Voter Turnout,1310,1606,1083,-0.095
2024-10-01,global-elections,Global Elections,Misinformation Monitoring,1119,1972,1484,-0.339
2024-10-01,global-elections,Global Elections,Coalition Negotiations,71,94,63,-0.132
2024-11-01,global-elections,Global Elections,Election Security,1692,2468,1767,-0.219
2024-11-01,global-elections,Global Elections,Youth Voter Turnout,1574,1754,1138,-0.022
2024-11-01,global-elections,Global Elections,Misinformation Monitoring,1343,2393,1808,-0.346
2024-11-01,global-elections,Global Elections,Coalition Negotiations,68,100,70,-0.216
2024-12-01,global-elections,Global Elections,Election Security,1460,2524,1893,-0.328
2024-12-01,global-elections,Global Elections,Youth Voter Turnout,1450,1814,1232,-0.11
2024-12-01,global-elections,Global Elections,Misinformation Monitoring,1348,2533,1936,-0.377
2024-12-01,global-elections,Global Elections,Coalition Negotiations,71,92,61,-0.118
2025-01-01,global-elections,Global Elections,Election Security,1612,2172,1516,-0.164
2025-01-01,global-elections,Global Elections,Youth Voter Turnout,1631,1635,1008,0.064
2025-01-01,global-elections,Global Elections,Misinformation Monitoring,1544,2666,1998,-0.327
2025-01-01,global-elections,Global Elections,Coalition Negotiations,11,15,9,-0.117
2025-02-01,global-elections,Global Elections,Election Security,1295,1973,1430,-0.248
2025-02-01,global-elections,Global Elections,Youth Voter Turnout,1637,1561,937,0.106
2025-02-01,global-elections,Global Elections,Misinformation Monitoring,1760,2812,2067,-0.279
2025-02-01,global-elections,Global Elections,Coalition Negotiations,335,433,297,-0.133
2025-03-01,global-elections,Global Elections,Election Security,1330,1615,1085,-0.088
2025-03-01,global-elections,Global Elections,Youth Voter Turnout,1501,1371,802,0.143
2025-03-01,global-elections,Global Elections,Misinformation Monitoring,1601,2523,1847,-0.27
2025-03-01,global-elections,Global Elections,Coalition Negotiations,677,832,560,-0.096
2025-04-01,global-elections,Global Elections,Election Security,1158,1369,909,-0.067
2025-04-01,global-elections,Global Elections,Youth Voter Turnout,1393,1247,722,0.16
2025-04-01,global-elections,Global Elections,Misinformation Monitoring,1728,2507,1791,-0.215
2025-04-01,global-elections,Global Elections,Coalition Negotiations,1023,1106,707,0.003
2025-05-01,global-elections,Global Elections,Election Security,905,951,599,0.026
2025-05-01,global-elections,Global Elections,Youth Voter Turnout,1144,981,551,0.199
2025-05-01,global-elections,Global Elections,Misinformation Monitoring,1735,2091,1401,-0.082
2025-05-01,global-elections,Global Elections,Coalition Negotiations,1327,1378,865,0.035
2025-06-01,global-elections,Global Elections,Election Security,644,720,466,-0.023
2025-06-01,global-elections,Global Elections,Youth Voter Turnout,997,847,473,0.207
2025-06-01,global-elections,Global Elections,Misinformation Monitoring,1513,1915,1307,-0.119
2025-06-01,global-elections,Global Elections,Coalition Negotiations,1461,1486,923,0.052
2025-07-01,global-elections,Global Elections,Election Security,456,447,271,0.086
2025-07-01,global-elections,Global Elections,Youth Voter Turnout,840,677,364,0.256
2025-07-01,global-elections,Global Elections,Misinformation Monitoring,1513,1617,1028,0.012
2025-07-01,global-elections,Global Elections,Coalition Negotiations,1462,1450,889,0.073
2025-08-01,global-elections,Global Elections,Election Security,229,225,135,0.087
2025-08-01,global-elections,Global Elections,Youth Voter Turnout,555,485,275,0.183
2025-08-01,global-elections,Global Elections,Misinformation Monitoring,1349,1366,846,0.056
2025-08-01,global-elections,Global Elections,Coalition Negotiations,1570,1503,904,0.103
2025-09-01,global-elections,Global Elections,Election Security,14,14,7,0.124
2025-09-01,global-elections,Global Elections,Youth Voter Turnout,434,314,155,0.355
2025-09-01,global-elections,Global Elections,Misinformation Monitoring,1007,1059,668,0.025
2025-09-01,global-elections,Global Elections,Coalition Negotiations,1579,1536,932,0.089
2025-10-01,global-elections,Global Elections,Election Security,573,593,370,0.04
2025-10-01,global-elections,Global Elections,Youth Voter Turnout,224,163,80,0.355
2025-10-01,global-elections,Global Elections,Misinformation Monitoring,792,894,582,-0.031
2025-10-01,global-elections,Global Elections,Coalition Negotiations,1752,1477,823,0.213
2025-11-01,global-elections,Global Elections,Election Security,532,578,369,-0.0
2025-11-01,global-elections,Global Elections,Youth Voter Turnout,16,13,6,0.294
2025-11-01,global-elections,Global Elections,Misinformation Monitoring,554,627,409,-0.034
2025-11-01,global-elections,Global Elections,Coalition Negotiations,1525,1446,865,0.111
2025-12-01,global-elections,Global Elections,Election Security,528,514,311,0.089
2025-12-01,global-elections,Global Elections,Youth Voter Turnout,455,399,226,0.183
2025-12-01,global-elections,Global Elections,Misinformation Monitoring,307,348,227,-0.034
2025-12-01,global-elections,Global Elections,Coalition Negotiations,1550,1412,825,0.145
2026-01-01,global-elections,Global Elections,Election Security,557,546,331,0.085
2026-01-01,global-elections,Global Elections,Youth Voter Turnout,499,417,230,0.224
2026-01-01,global-elections,Global Elections,Misinformation Monitoring,12,14,9,-0.034
2026-01-01,global-elections,Global Elections,Coalition Negotiations,1300,1320,818,0.054
2026-02-01,global-elections,Global Elections,Election Security,521,581,376,-0.021
2026-02-01,global-elections,Global Elections,Youth Voter Turnout,457,386,214,0.214
2026-02-01,global-elections,Global Elections,Misinformation Monitoring,658,714,457,-0.0
2026-02-01,global-elections,Global Elections,Coalition Negotiations,1070,1118,703,0.03
2026-03-01,global-elections,Global Elections,Election Security,484,543,352,-0.025
2026-03-01,global-elections,Global Elections,Youth Voter Turnout,477,413,233,0.191
2026-03-01,global-elections,Global Elections,Misinformation Monitoring,557,753,526,-0.166
2026-03-01,global-elections,Global Elections,Coalition Negotiations,799,835,524,0.031
2026-04-01,global-elections,Global Elections,Election Security,430,557,382,-0.135
2026-04-01,global-elections,Global Elections,Youth Voter Turnout,412,417,258,0.057
2026-04-01,global-elections,Global Elections,Misinformation Monitoring,595,771,530,-0.135
2026-04-01,global-elections,Global Elections,Coalition Negotiations,395,416,261,0.027
2026-05-01,global-elections,Global Elections,Election Security,382,550,391,-0.209
2026-05-01,global-elections,Global Elections,Youth Voter Turnout,414,380,222,0.141
2026-05-01,global-elections,Global Elections,Misinformation Monitoring,510,731,520,-0.207
2026-05-01,global-elections,Global Elections,Coalition Negotiations,11,15,9,-0.081
2026-06-01,global-elections,Global Elections,Election Security,398,497,337,-0.107
2026-06-01,global-elections,Global Elections,Youth Voter Turnout,383,375,226,0.088
2026-06-01,global-elections,Global Elections,Misinformation Monitoring,440,705,517,-0.28
2026-06-01,global-elections,Global Elections,Coalition Negotiations,616,705,460,-0.04
2023-01-01,disaster-response,Natural Disaster Response,Flood Relief,53,70,47,-0.126
2023-01-01,disaster-response,Natural Disaster Response,Emergency Logistics,51,57,35,0.001
2023-01-01,disaster-response,Natural Disaster Response,Climate Risk,76,92,61,-0.079
2023-01-01,disaster-response,Natural Disaster Response,Resilience Funding,49,49,30,0.071
2023-02-01,disaster-response,Natural Disaster Response,Flood Relief,64,68,42,0.028
2023-02-01,disaster-response,Natural Disaster Response,Emergency Logistics,52,58,35,0.011
2023-02-01,disaster-response,Natural Disaster Response,Climate Risk,86,90,55,0.04
2023-02-01,disaster-response,Natural Disaster Response,Resilience Funding,53,55,34,0.04
2023-03-01,disaster-response,Natural Disaster Response,Flood Relief,13,14,8,0.078
2023-03-01,disaster-response,Natural Disaster Response,Emergency Logistics,65,63,37,0.116
2023-03-01,disaster-response,Natural Disaster Response,Climate Risk,97,99,59,0.068
2023-03-01,disaster-response,Natural Disaster Response,Resilience Funding,60,56,31,0.152
2023-04-01,disaster-response,Natural Disaster Response,Flood Relief,337,363,231,0.008
2023-04-01,disaster-response,Natural Disaster Response,Emergency Logistics,68,59,32,0.215
2023-04-01,disaster-response,Natural Disaster Response,Climate Risk,103,98,58,0.112
2023-04-01,disaster-response,Natural Disaster Response,Resilience Funding,65,57,30,0.218
2023-05-01,disaster-response,Natural Disaster Response,Flood Relief,650,711,456,-0.006
2023-05-01,disaster-response,Natural Disaster Response,Emergency Logistics,67,63,37,0.126
2023-05-01,disaster-response,Natural Disaster Response,Climate Risk,109,99,55,0.169
2023-05-01,disaster-response,Natural Disaster Response,Resilience Funding,64,58,31,0.186
2023-06-01,disaster-response,Natural Disaster Response,Flood Relief,1067,1012,606,0.11
2023-06-01,disaster-response,Natural Disaster Response,Emergency Logistics,14,14,7,0.135
2023-06-01,disaster-response,Natural Disaster Response,Climate Risk,106,101,59,0.122
2023-06-01,disaster-response,Natural Disaster Response,Resilience Funding,71,57,29,0.284
2023-07-01,disaster-response,Natural Disaster Response,Flood Relief,1311,1323,819,0.058
2023-07-01,disaster-response,Natural Disaster Response,Emergency Logistics,281,222,117,0.276
2023-07-01,disaster-response,Natural Disaster Response,Climate Risk,114,98,53,0.217
2023-07-01,disaster-response,Natural Disaster Response,Resilience Funding,70,58,29,0.27
2023-08-01,disaster-response,Natural Disaster Response,Flood Relief,1461,1509,943,0.04
2023-08-01,disaster-response,Natural Disaster Response,Emergency Logistics,546,473,267,0.19
2023-08-01,disaster-response,Natural Disaster Response,Climate Risk,108,91,49,0.231
2023-08-01,disaster-response,Natural Disaster Response,Resilience Funding,67,55,28,0.267
2023-09-01,disaster-response,Natural Disaster Response,Flood Relief,1476,1538,967,0.032
2023-09-01,disaster-response,Natural Disaster Response,Emergency Logistics,742,632,353,0.205
2023-09-01,disaster-response,Natural Disaster Response,Climate Risk,96,89,50,0.151
2023-09-01,disaster-response,Natural Disaster Response,Resilience Funding,56,52,29,0.161
2023-10-01,disaster-response,Natural Disaster Response,Flood Relief,1608,1571,956,0.085
2023-10-01,disaster-response,Natural Disaster Response,Emergency Logistics,928,777,430,0.22
2023-10-01,disaster-response,Natural Disaster Response,Climate Risk,92,85,49,0.142
2023-10-01,disaster-response,Natural Disaster Response,Resilience Funding,59,48,24,0.275
2023-11-01,disaster-response,Natural Disaster Response,Flood Relief,1557,1629,1025,0.029
2023-11-01,disaster-response,Natural Disaster Response,Emergency Logistics,1008,861,482,0.203
2023-11-01,disaster-response,Natural Disaster Response,Climate Risk,87,86,51,0.096
2023-11-01,disaster-response,Natural Disaster Response,Resilience Funding,51,47,25,0.177
2023-12-01,disaster-response,Natural Disaster Response,Flood Relief,1258,1429,933,-0.036
2023-12-01,disaster-response,Natural Disaster Response,Emergency Logistics,1112,987,567,0.169
2023-12-01,disaster-response,Natural Disaster Response,Climate Risk,83,83,49,0.086
2023-12-01,disaster-response,Natural Disaster Response,Resilience Funding,50,43,23,0.213
2024-01-01,disaster-response,Natural Disaster Response,Flood Relief,1205,1328,857,-0.013
2024-01-01,disaster-response,Natural Disaster Response,Emergency Logistics,1098,1036,618,0.115
2024-01-01,disaster-response,Natural Disaster Response,Climate Risk,72,77,49,0.011
2024-01-01,disaster-response,Natural Disaster Response,Resilience Funding,44,45,27,0.072
2024-02-01,disaster-response,Natural Disaster Response,Flood Relief,996,1157,763,-0.054
2024-02-01,disaster-response,Natural Disaster Response,Emergency Logistics,1018,1115,716,-0.007
2024-02-01,disaster-response,Natural Disaster Response,Climate Risk,11,15,9,-0.053
2024-02-01,disaster-response,Natural Disaster Response,Resilience Funding,47,46,25,0.135
2024-03-01,disaster-response,Natural Disaster Response,Flood Relief,797,997,676,-0.109
2024-03-01,disaster-response,Natural Disaster Response,Emergency Logistics,994,1178,783,-0.069
2024-03-01,disaster-response,Natural Disaster Response,Climate Risk,198,218,139,-0.007
2024-03-01,disaster-response,Natural Disaster Response,Resilience Funding,40,44,27,0.012
2024-04-01,disaster-response,Natural Disaster Response,Flood Relief,681,826,554,-0.086
2024-04-01,disaster-response,Natural Disaster Response,Emergency Logistics,1017,1151,751,-0.034
2024-04-01,disaster-response,Natural Disaster Response,Climate Risk,331,447,310,-0.162
2024-04-01,disaster-response,Natural Disaster Response,Resilience Funding,36,45,28,-0.066
2024-05-01,disaster-response,Natural Disaster Response,Flood Relief,413,622,448,-0.238
2024-05-01,disaster-response,Natural Disaster Response,Emergency Logistics,990,1243,846,-0.113
2024-05-01,disaster-response,Natural Disaster Response,Climate Risk,600,704,466,-0.061
2024-05-01,disaster-response,Natural Disaster Response,Resilience Funding,40,47,30,-0.049
2024-06-01,disaster-response,Natural Disaster Response,Flood Relief,232,312,215,-0.157
2024-06-01,disaster-response,Natural Disaster Response,Emergency Logistics,1034,1250,837,-0.084
2024-06-01,disaster-response,Natural Disaster Response,Climate Risk,688,1016,728,-0.226
2024-06-01,disaster-response,Natural Disaster Response,Resilience Funding,39,51,34,-0.122
2024-07-01,disaster-response,Natural Disaster Response,Flood Relief,9,16,10,-0.271
2024-07-01,disaster-response,Natural Disaster Response,Emergency Logistics,975,1238,845,-0.121
2024-07-01,disaster-response,Natural Disaster Response,Climate Risk,855,1284,926,-0.238
2024-07-01,disaster-response,Natural Disaster Response,Resilience Funding,37,53,37,-0.193
2024-08-01,disaster-response,Natural Disaster Response,Flood Relief,360,565,412,-0.266
2024-08-01,disaster-response,Natural Disaster Response,Emergency Logistics,946,1230,847,-0.138
2024-08-01,disaster-response,Natural Disaster Response,Climate Risk,1142,1545,1078,-0.166
2024-08-01,disaster-response,Natural Disaster Response,Resilience Funding,45,57,36,-0.082
2024-09-01,disaster-response,Natural Disaster Response,Flood Relief,390,555,393,-0.201
2024-09-01,disaster-response,Natural Disaster Response,Emergency Logistics,882,1068,716,-0.085
2024-09-01,disaster-response,Natural Disaster Response,Climate Risk,1388,1816,1255,-0.143
2024-09-01,disaster-response,Natural Disaster Response,Resilience Funding,46,63,42,-0.148
2024-10-01,disaster-response,Natural Disaster Response,Flood Relief,353,543,393,-0.252
2024-10-01,disaster-response,Natural Disaster Response,Emergency Logistics,739,953,653,-0.131
2024-10-01,disaster-response,Natural Disaster Response,Climate Risk,1450,2157,1553,-0.232
2024-10-01,disaster-response,Natural Disaster Response,Resilience Funding,48,64,44,-0.149
2024-11-01,disaster-response,Natural Disaster Response,Flood Relief,320,499,364,-0.263
2024-11-01,disaster-response,Natural Disaster Response,Emergency Logistics,579,761,526,-0.146
2024-11-01,disaster-response,Natural Disaster Response,Climate Risk,1679,2416,1723,-0.21
2024-11-01,disaster-response,Natural Disaster Response,Resilience Funding,47,66,45,-0.183
2024-12-01,disaster-response,Natural Disaster Response,Flood Relief,301,482,353,-0.277
2024-12-01,disaster-response,Natural Disaster Response,Emergency Logistics,435,523,348,-0.077
2024-12-01,disaster-response,Natural Disaster Response,Climate Risk,1946,2464,1682,-0.119
2024-12-01,disaster-response,Natural Disaster Response,Resilience Funding,48,63,41,-0.111
2025-01-01,disaster-response,Natural Disaster Response,Flood Relief,322,406,275,-0.113
2025-01-01,disaster-response,Natural Disaster Response,Emergency Logistics,204,265,182,-0.137
2025-01-01,disaster-response,Natural Disaster Response,Climate Risk,1935,2640,1850,-0.173
2025-01-01,disaster-response,Natural Disaster Response,Resilience Funding,11,15,9,-0.112
2025-02-01,disaster-response,Natural Disaster Response,Flood Relief,285,353,238,-0.1
2025-02-01,disaster-response,Natural Disaster Response,Emergency Logistics,11,15,9,-0.101
2025-02-01,disaster-response,Natural Disaster Response,Climate Risk,2125,2556,1711,-0.081
2025-02-01,disaster-response,Natural Disaster Response,Resilience Funding,196,219,141,-0.021
2025-03-01,disaster-response,Natural Disaster Response,Flood Relief,258,311,207,-0.079
2025-03-01,disaster-response,Natural Disaster Response,Emergency Logistics,461,500,318,0.003
2025-03-01,disaster-response,Natural Disaster Response,Climate Risk,2172,2471,1617,-0.038
2025-03-01,disaster-response,Natural Disaster Response,Resilience Funding,405,405,248,0.069
2025-04-01,disaster-response,Natural Disaster Response,Flood Relief,211,266,180,-0.113
2025-04-01,disaster-response,Natural Disaster Response,Emergency Logistics,422,443,277,0.03
2025-04-01,disaster-response,Natural Disaster Response,Climate Risk,2013,2288,1496,-0.037
2025-04-01,disaster-response,Natural Disaster Response,Resilience Funding,575,581,358,0.06
2025-05-01,disaster-response,Natural Disaster Response,Flood Relief,228,242,152,0.021
2025-05-01,disaster-response,Natural Disaster Response,Emergency Logistics,363,366,224,0.064
2025-05-01,disaster-response,Natural Disaster Response,Climate Risk,2007,2023,1251,0.059
2025-05-01,disaster-response,Natural Disaster Response,Resilience Funding,781,683,388,0.183
2025-06-01,disaster-response,Natural Disaster Response,Flood Relief,197,191,115,0.094
2025-06-01,disaster-response,Natural Disaster Response,Emergency Logistics,339,335,205,0.076
2025-06-01,disaster-response,Natural Disaster Response,Climate Risk,2209,1992,1158,0.154
2025-06-01,disaster-response,Natural Disaster Response,Resilience Funding,931,772,424,0.229
2025-07-01,disaster-response,Natural Disaster Response,Flood Relief,181,173,103,0.111
2025-07-01,disaster-response,Natural Disaster Response,Emergency Logistics,312,281,161,0.161
2025-07-01,disaster-response,Natural Disaster Response,Climate Risk,2024,1821,1057,0.156
2025-07-01,disaster-response,Natural Disaster Response,Resilience Funding,968,854,489,0.174
2025-08-01,disaster-response,Natural Disaster Response,Flood Relief,156,156,94,0.078
2025-08-01,disaster-response,Natural Disaster Response,Emergency Logistics,290,240,131,0.232
2025-08-01,disaster-response,Natural Disaster Response,Climate Risk,1762,1669,997,0.112
2025-08-01,disaster-response,Natural Disaster Response,Resilience Funding,1108,941,526,0.207
2025-09-01,disaster-response,Natural Disaster Response,Flood Relief,159,145,84,0.149
2025-09-01,disaster-response,Natural Disaster Response,Emergency Logistics,303,243,129,0.264
2025-09-01,disaster-response,Natural Disaster Response,Climate Risk,1825,1546,864,0.209
2025-09-01,disaster-response,Natural Disaster Response,Resilience Funding,1081,912,507,0.213
2025-10-01,disaster-response,Natural Disaster Response,Flood Relief,134,135,82,0.07
2025-10-01,disaster-response,Natural Disaster Response,Emergency Logistics,260,240,139,0.141
2025-10-01,disaster-response,Natural Disaster Response,Climate Risk,1498,1332,768,0.166
2025-10-01,disaster-response,Natural Disaster Response,Resilience Funding,1141,1030,599,0.153
2025-11-01,disaster-response,Natural Disaster Response,Flood Relief,153,141,82,0.14
2025-11-01,disaster-response,Natural Disaster Response,Emergency Logistics,253,204,109,0.257
2025-11-01,disaster-response,Natural Disaster Response,Climate Risk,1536,1380,799,0.158
2025-11-01,disaster-response,Natural Disaster Response,Resilience Funding,1308,1006,523,0.298
2025-12-01,disaster-response,Natural Disaster Response,Flood Relief,153,142,83,0.137
2025-12-01,disaster-response,Natural Disaster Response,Emergency Logistics,234,213,123,0.152
2025-12-01,disaster-response,Natural Disaster Response,Climate Risk,1261,1242,758,0.079
2025-12-01,disaster-response,Natural Disaster Response,Resilience Funding,1360,1137,628,0.222
2026-01-01,disaster-response,Natural Disaster Response,Flood Relief,161,167,104,0.04
2026-01-01,disaster-response,Natural Disaster Response,Emergency Logistics,232,209,120,0.16
2026-01-01,disaster-response,Natural Disaster Response,Climate Risk,1208,1112,654,0.136
2026-01-01,disaster-response,Natural Disaster Response,Resilience Funding,1262,1117,641,0.171
2026-02-01,disaster-response,Natural Disaster Response,Flood Relief,154,169,107,-0.005
2026-02-01,disaster-response,Natural Disaster Response,Emergency Logistics,235,215,124,0.149
2026-02-01,disaster-response,Natural Disaster Response,Climate Risk,1004,1014,626,0.059
2026-02-01,disaster-response,Natural Disaster Response,Resilience Funding,1267,1172,690,0.133
2026-03-01,disaster-response,Natural Disaster Response,Flood Relief,162,177,113,-0.001
2026-03-01,disaster-response,Natural Disaster Response,Emergency Logistics,224,203,117,0.154
2026-03-01,disaster-response,Natural Disaster Response,Climate Risk,779,829,525,0.016
2026-03-01,disaster-response,Natural Disaster Response,Resilience Funding,1117,1156,723,0.038
2026-04-01,disaster-response,Natural Disaster Response,Flood Relief,165,195,128,-0.064
2026-04-01,disaster-response,Natural Disaster Response,Emergency Logistics,186,201,127,0.008
2026-04-01,disaster-response,Natural Disaster Response,Climate Risk,501,541,345,0.005
2026-04-01,disaster-response,Natural Disaster Response,Resilience Funding,1072,1030,619,0.101
2026-05-01,disaster-response,Natural Disaster Response,Flood Relief,167,187,120,-0.018
2026-05-01,disaster-response,Natural Disaster Response,Emergency Logistics,195,193,116,0.082
2026-05-01,disaster-response,Natural Disaster Response,Climate Risk,230,286,193,-0.104
2026-05-01,disaster-response,Natural Disaster Response,Resilience Funding,788,873,564,-0.016
2026-06-01,disaster-response,Natural Disaster Response,Flood Relief,160,204,138,-0.116
2026-06-01,disaster-response,Natural Disaster Response,Emergency Logistics,168,181,115,0.009
2026-06-01,disaster-response,Natural Disaster Response,Climate Risk,11,15,9,-0.081
2026-06-01,disaster-response,Natural Disaster Response,Resilience Funding,572,677,450,-0.068
